,Informe No.,max(v.fechaanalisis),identificacioncliente,ubicacion,nombrepunto,prefijo,Muestra No. ,pH,Al,MO,CO,Ca,Mg,K,CICE,CE,P,Nitrato,Amonio,Fe,Mn,Cu,Zn,B
0,9,2021-02-04 05:00:00,Bloque 7A Camas 1-200,San Miguel,San Sebastian,SF,1,"5,4",0.32,"14,51",8.42,"15,58",2.31,"1,16",28.32,"0,84","78,67","147,4",51,"116,52","5,57","1,23","5,25","0,96"
1,9,2021-02-04 05:00:00,Bloque 2 Camas 1-296,San Miguel,San Sebastian,SF,2,"5,5",N.A.,"15,72",9.12,"14,59",1.62,"0,81",25,"0,86","40,39","182,6","53,78","113,44","4,06","1,05","3,28","1,2"
2,24,2021-02-15 05:00:00,Bloque 12C Cama 1 - 180,El Yaruno,Plantas Madres ,SF,127,"8,5",N.A.,"16,82",9.76,"20,01","11,22","47,87",79.1,"4,70","356,95","1534,3","28,15","88,55","31,83","3,90","9,28","1,81"
3,25,2021-02-15 05:00:00,Bloque 4,Gualanday,Valley ,SF,128,"7,2",N.A.,"13,30",7.71,"30,53","6,32","1,34","38,19","0,95","172,40","391,0","20,28","56,85","3,92","2,88","5,48","1,59"
4,44,2021-02-22 05:00:00,Bloque 4 Semana 5 General - 05/02/2020,El Tablazo,Alhambra ,SF,248,"6,9",N.A.,"7,96","4,62","20,78","4,75","0,70","26,23","0,74","366,07","114,9","11,47","85,69","5,56","7,62","5,98","2,84"
5,44,2021-02-22 05:00:00,Bloque 2 Semana 5 General - 05/02/2020,El Tablazo,Alhambra ,SF,249,"7,0",N.A.,"7,66","4,45","19,14","5,17","1,00","25,31","0,88","366,32","51,2","14,22","110,97","6,44","15,76","7,18","3,05"
6,44,2021-02-22 05:00:00,Bloque 6 Semana 5 General - 05/02/2020,El Tablazo,Alhambra ,SF,250,"6,9",N.A.,"11,57","6,71","23,19","7,07","1,09","31,35","1,21","301,80","134,4","13,77","126,28","4,81","6,14","6,72","2,30"
7,57,2021-02-22 05:00:00,Bloque 4 Camas 1 - 176,San Miguel,San Sebastian,SF,251,"5,7",N.A.,"14,06","8,15","10,67","2,45","1,41","14,53","1,20","19,99","278,6","23,32","101,29","3,82",N.D.,"2,02","0,60"
8,57,2021-02-22 05:00:00,Bloque 6 Camas 1 - 176,San Miguel,San Sebastian,SF,252,"5,6",N.A.,"12,55","7,28","10,12","2,14","1,45","13,71","0,91","15,11","232,5","16,72","139,24","3,68","0,35","2,65","0,37"
9,47,2021-02-22 05:00:00,Bloque 11 Semana 5 Genera - 05-02-2020,El Tablazo,Alhambra ,SF,253,"5,5",N.A.,"5,07","2,94","3,48","0,73","0,16","4,37","0,07","22,45","5,9","14,03","140,56","11,27","4,87","1,06","0,39"
10,51,2021-02-25 05:00:00,Bloque 11A - B Camas 1 - 266,San Miguel,Bochica ,SF,365,"7,1",N.A. ,"14,91","6,98","31,38","8,86","1,76","42,00","3,13","428,03","325,9","19,35","33,25","6,60","5,71","9,17","4,21"
11,51,2021-02-25 05:00:00,Bloque 13A - B - C Camas 1 - 299,San Miguel,Bochica ,SF,366,"7,2",N.A. ,"15,28","6,80","29,27","8,57","1,39",39.23,"3,50","431,93","205,5","19,38","30,40","3,11","5,42","8,48","4,18"
12,51,2021-02-25 05:00:00,Bloque 15A - B - C Camas 1 - 300,San Miguel,Bochica ,SF,367,"7,2",N.A. ,"16,48","7,74","33,58","9,35","0,94","43,87","2,97","321,88","134,2","14,88","37,69","3,76","7,19","10,28","5,25"
13,51,2021-02-25 05:00:00,Bloque 17A - B  Camas 1 - 180,San Miguel,Bochica ,SF,368,"7,4",N.A. ,"15,00","6,87","29,19","9,63","1,22","40,04","2,20","325,72","102,4","18,61","34,98","3,33","4,92","7,94","4,28"
14,51,2021-02-25 05:00:00,Bloque 27A - B  Camas 1 - 224,San Miguel,Bochica ,SF,369,"7,3",N.A. ,"12,69","5,73","28,11","8,81","0,91",37.83,"3,54","354,85","205,7","16,19","32,10","2,57","4,14","5,70","4,31"
15,51,2021-02-25 05:00:00,Bloque 27C Camas 225 - 266,San Miguel,Bochica ,SF,370,"7,4",N.A. ,"13,18","6,15","30,90","9,75","0,83","41,48","2,34","248,19","94,3","16,85","30,35","3,04","4,86","5,80","4,18"
16,51,2021-02-25 05:00:00,Bloque 28A - B  Camas 1 - 190,San Miguel,Bochica ,SF,371,"7,4",N.A. ,"13,32","6,32","31,01","8,54","1,06","40,61","2,84","182,45","147,8","15,31","33,87","3,07","4,02","5,47","3,67"
17,51,2021-02-25 05:00:00,Bloque 3A - B   1 - 98,San Miguel,Bochica ,SF,372,"7,3",N.A. ,"14,21","6,48","29,01","8,56","1,19","38,76","3,63","358,90","222,3","18,48","31,30","2,79","3,54","5,36","3,77"
18,52,2021-02-25 05:00:00,Bloque 11A  Camas 1 - 200,San Miguel ,San Sebastian ,SF,373,"5,8",N.A. ,"19,49","7,80","9,93","2,43","1,15","13,51","2,34","30,86","201,7","30,45","90,24","1,63","0,94","2,60","0,60"
19,52,2021-02-25 05:00:00,Bloque 9A  Camas 1 - 104,San Miguel ,San Sebastian ,SF,374,"5,7",N.A. ,"17,73","7,45","8,67","1,75","0,90","11,32","1,93","40,93","198,2","16,25","63,83","1,67","0,57","1,32","0,38"
20,53,2021-02-25 05:00:00,Bloque 8 Semana 6 General 12/02/2020,El Tablazo,Alhambra ,SF,375,"6,1",N.A. ,"20,92","9,05","18,68","5,40","0,93","25,01","1,67","287,88","187,8","23,62","87,77","2,22","2,90","6,29","2,10"
21,87,2021-03-04 05:00:00,Bloque 1C Camas 141 - 155,San Miguel,Bochica ,SF,515,"6,4",N.A.,"14,32","6,29","20,01","4,65","0,69","25,35","0,87","130,21","60,5","13,50","64,82","2,87","4,59","3,84","4,94"
22,87,2021-03-04 05:00:00,Bloque 3 A-B Camas 1 - 226,San Miguel,Bochica ,SF,516,"7,1",N.A.,"13,40","6,11","35,57","9,14","1,15","45,86","1,37","309,60","201,8","16,19","38,32","5,00","8,35","9,16","4,74"
23,87,2021-03-04 05:00:00,Bloque 5 A-B Camas 1 - 208,San Miguel,Bochica ,SF,517,"7,2",N.A.,"13,16","5,82","34,24","7,49","1,57","43,30","0,92","303,64","97,5","10,68","38,15","5,26","7,40","8,34","5,54"
24,87,2021-03-04 05:00:00,Bloque 7 A - B Camas 1 - 204,San Miguel,Bochica ,SF,518,"7,3",N.A.,"13,64","6,05","33,33","8,09","0,96","42,38","1,34","254,38","123,1","10,37","34,57","3,95","4,82","5,14","4,26"
25,87,2021-03-04 05:00:00,Bloque 9 A - B Camas 1 - 247,San Miguel,Bochica ,SF,519,"7,3",N.A.,"12,93","5,81","37,13","9,26","1,05","47,44","1,40","366,34","336,1","10,05","25,39","4,00","5,69","7,28","5,18"
26,87,2021-03-04 05:00:00,Bloque 18 Camas 1 - 24,San Miguel,Bochica ,SF,520,"7,0",N.A.,"11,46","5,00","26,74","5,65","1,01","33,40","0,61","242,50","78,8","11,54","38,10","3,80","3,28","4,63","4,92"
27,87,2021-03-04 05:00:00,Bloque 32 A - B Camas 1 - 78,San Miguel,Bochica ,SF,521,"6,7",N.A.,"13,19","5,76","33,10","5,74","1,24","40,08","2,21","299,91","509,1","11,43","32,39","3,67","3,09","5,34","2,29"
28,88,2021-03-04 05:00:00,Bloque 8 Camas 1 - 104,San Miguel,San Sebastian ,SF,522,"5,8",N.A.,"18,33","7,63","14,38","2,37","1,35","18,10","0,93","19,56","223,4","18,26","80,72","1,86","0,76","2,71","0,33"
29,117,2021-03-15 05:00:00,Bloque 13A - B Camas 1-96,San Miguel,San Sebastian,SF,833,"5,4","0,1","16,03","7,66","11,83","2,11","0,99","15,03","1,13","44,65","320,8","24,46","119,85","2,51","1,35","2,49","0,65"
30,117,2021-03-15 05:00:00,Bloque 10A - B Camas 1-148,San Miguel,San Sebastian,SF,834,"5,7",N.A.,"17,76","8,38","10,26","2,02","0,96","13,24","0,60","36,75","112,1","19,24","73,21","3,44","0,49","2,05","0,42"
31,118,2021-03-15 05:00:00,Bloque 1 General Fecha 17/03/2021,Gualanday,Valley,SF,835,"7,1",N.A.,,,"38,12","8,09","1,47","47,68","2,38","275,77","403,6","11,09","47,75","4,77","3,70","5,15","2,04"
32,119,2021-03-15 05:00:00,"Bloque 10, Semana 8, General fecha 26/02/2021",El Tablazo,Alhambra,SF,836,"6,1",N.A.,"18,56","8,95","20,90","4,87","1,20","26,97","1,10","201,74","233,7","14,92","129,01","4,42","5,20","10,41","1,28"
33,127,2021-03-19 05:00:00,Bloque 1 A-B Camas 1-140,San Miguel,Bochica ,SF,917,"7,2",N.A.,"14,69","6,86","46,37","8,88","1,31","56,56","5,30","227,36","437,0","9,46","27,30","4,69","3,50","4,62","2,08"
34,127,2021-03-19 05:00:00,Bloque 4 Camas 1-81,San Miguel,Bochica ,SF,918,"7,2",N.A.,"15,92","7,35","43,24","8,71","1,04","52,99","4,49","358,54","314,7","10,42","32,93","5,41","4,77","6,89","4,03"
35,127,2021-03-19 05:00:00,Bloque 6 Camas 1-105,San Miguel,Bochica ,SF,919,"7,4",N.A.,"15,23","7,00","37,14","7,51","0,78","45,43","2,69","330,53","73,4","9,71","32,83","4,60","4,28","5,39","4,57"
36,127,2021-03-19 05:00:00,Bloque 8 Camas 1-143,San Miguel,Bochica ,SF,920,"7,4",N.A.,"14,18","6,58","42,03","6,59","0,58","49,20","4,90","277,47","233,4","12,55","31,18","4,40","3,80","4,08","3,61"
37,127,2021-03-19 05:00:00,Bloque 31 A-B Camas 1-222,San Miguel,Bochica ,SF,921,"7,3",N.A.,"15,94","7,18","36,07","7,02","1,01","44,10","1,69","360,62","93,1","9,76","38,24","4,49","6,07","9,24","4,03"
38,128,2021-03-19 05:00:00,Muestra de Suelo Bloque 10,Cimarronas,Padua ,SF,922,"6,6",N.A.,"17,96","7,97","29,97","8,11","0,61","38,69","2,83","288,17","136,3","12,80","46,46","5,98","3,59","4,55","2,36"
39,128,2021-03-19 05:00:00,Muestra de Suelo Bloque 09,Cimarronas,Padua ,SF,923,"6,7",N.A.,"16,72","7,73","32,51","5,56","0,84","38,91","3,56","300,79","419,0","9,68","43,94","3,81","2,15","3,23","1,59"
40,128,2021-03-19 05:00:00,Muestra de Suelo Bloque 08,Cimarronas,Padua ,SF,924,"6,5",N.A.,"18,14","7,21","28,09","7,97","0,53","36,59","2,89","327,25","187,3","8,10","35,32","4,40","4,05","3,42","2,35"
41,128,2021-03-19 05:00:00,Muestra de Suelo Bloque 6 Cama 135,Cimarronas,Padua ,SF,925,"6,5",N.A.,"18,37","7,88","35,03","7,77","0,66","43,46","4,75","300,72","425,3","11,37","48,59","5,33","5,06","3,93","2,33"
42,128,2021-03-19 05:00:00,Muestra de Suelo Bloque 06 Cama 133,Cimarronas,Padua ,SF,926,"6,7",N.A.,"18,53","8,47","38,26","7,07","0,51","45,84","3,36","401,76","399,0","11,80","52,43","5,62","7,96","5,83","2,59"
43,129,2021-03-20 05:00:00,"Bloque: 9, Semana: 9, General Fecha: 05/03/2021",El Tablazo,Alhambra ,SF,927,"6,5",N.A.,"12,93","6,17","21,04","5,56","1,26","27,86","3,02","233,70","232,3","9,81","71,49","2,92","3,74","4,46","0,96"
44,165,2021-03-25 05:00:00,Bloque 2 A-B Camas 1-60,san Miguel,Bochica ,SF,1042,"7,3",N.A.,"14,84","6,74","35,52","6,63","0,71","42,86","3,95","365,15","56,9","14,35","43,83","5,39","5,55","8,33","4,92"
45,165,2021-03-25 05:00:00,Bloque 10 Camas 1-170,san Miguel,Bochica ,SF,1043,"7,5",N.A.,"13,03","5,99","35,17","10,54","0,76","46,47","4,09","313,22","156,9","16,18","37,05","5,80","5,25","8,11","4,44"
46,165,2021-03-25 05:00:00,Bloque 19 A-B Camas 1-124,san Miguel,Bochica ,SF,1044,"7,6",N.A.,"14,86","7,01","36,81","6,73","0,48","44,02","3,14","240,44","157,1","15,65","35,21","4,49","6,43","13,20","4,41"
47,165,2021-03-25 05:00:00,Bloque 21 A-B Camas 1-136,san Miguel,Bochica ,SF,1045,"7,3",N.A.,"14,22","6,65","35,02","7,21","1,16","43,39","3,25","321,69","192,4","14,48","38,65","5,19","5,92","13,70","5,28"
48,165,2021-03-25 05:00:00,Bloque 16 A Camas 1-60,san Miguel,Bochica ,SF,1046,"7,1",N.A.,"15,85","7,38","35,67","7,43","0,99","44,09","3,26","334,03","213,7","16,05","44,64","5,94","9,10","15,16","4,50"
49,165,2021-03-25 05:00:00,Bloque 16 B Camas 61-180,san Miguel,Bochica ,SF,1047,"6,9",N.A.,"14,31","6,28","34,32","6,23","0,93","41,48","3,92","271,62","252,0","16,28","37,52","4,07","2,64","5,26","3,38"
50,166,2021-03-25 05:00:00,Bloque 5A Camas 1-224,San Miguel ,San Sebastian,SF,1048,"5,9",N.A.,"17,11","7,92","15,81","2,62","0,62","19,05","4,30","102,12","295,2","27,32","81,72","3,48","1,29","3,54","0,90"
51,166,2021-03-25 05:00:00,Bloque 3A Camas 1-224,San Miguel ,San Sebastian,SF,1049,"5,9",N.A.,"19,04","7,08","17,13","3,22","0,66","21,01","2,39","133,48","205,0","30,00","64,88","2,71","1,58","5,19","0,90"
52,166,2021-03-25 05:00:00,Bloque 1B Camas 1-20,San Miguel ,San Sebastian,SF,1050,"5,6",N.A.,"19,09","7,34","17,57","2,97","1,12","21,66","4,30","129,45","358,6","25,31","103,93","4,13","0,87","4,55","3,14"
53,167,2021-03-25 05:00:00,Bloque 9 semana 10 General Fecha 12/03/2021,El Tablazo,Alhmabra ,SF,1051,"7,0",N.A.,"10,69","5,54","23,81","4,92","1,08","29,81","1,00","339,10","88,0","13,51","81,81","5,46","5,56","8,13","2,94"
54,167,2021-03-25 05:00:00,Bloque 7 Semana 10 Genral Fecha 12/03/2021,El Tablazo,Alhmabra ,SF,1052,"6,7",N.A.,"11,58","5,80","24,88","5,73","1,23","31,84","2,08","235,14","363,8","15,95","88,66","3,00","3,23","5,84","1,23"
55,168,2021-03-25 05:00:00,Bloque 2 General Fecha 17/03/2021,Gualanday ,Valley ,SF,1053,"7,1",N.A.,"16,30","7,64","36,29","7,59","1,28","45,16","1,06","228,62","417,9","16,67","43,74","3,86","3,29","5,36","2,41"
56,200,2021-06-04 05:00:00,Bloque 12 A-B Camas 1-168,San Miguel,Bochica ,SF,1080,"7,5",N.A.,"15,85","7,69","38,39","9,40","1,12","48,91","3,70","256,04","160,1","11,46","67,75","7,65","11,89","10,92","3,97"
57,200,2021-06-04 05:00:00,Bloque 14 A-B Camas 1-170,San Miguel,Bochica ,SF,1081,"7,3",N.A.,"15,50","6,72","39,25","8,46","1,26","48,97","3,80","381,56","136,0","13,27","57,21","9,93","10,08","15,16","5,03"
58,200,2021-06-04 05:00:00,Bloque 20 Camas 1-174,San Miguel,Bochica ,SF,1082,"7,1",N.A.,"14,59","7,05","35,26","9,53","1,92","46,71","3,84","284,60","340,8","10,44","51,27","8,81","8,49","21,74","3,84"
59,200,2021-06-04 05:00:00,Bloque 22 Camas 1-178,San Miguel,Bochica ,SF,1083,"7,3",N.A.,"12,50","6,11","34,37","8,89","0,82","44,08","3,90","272,67","171,3","22,97","57,86","7,66","8,60","18,55","4,42"
60,200,2021-06-04 05:00:00,Bloque 23 A-B Camas 1-196,San Miguel,Bochica ,SF,1084,"7,3",N.A.,"14,18","6,90","34,75","7,95","1,37","44,07","1,85","295,75","154,0","13,45","49,41","8,30","6,27","10,84","4,53"
61,200,2021-06-04 05:00:00,Bloque 30 A-B Cama 1-218,San Miguel,Bochica ,SF,1085,"7,3",N.A.,"13,25","6,52","34,70","8,33","1,49","44,52","3,73","298,05","245,5","7,66","55,67","8,05","7,92","10,44","4,10"
62,201,2021-06-04 05:00:00,Bloque 6 Cama 1-144,Cimarronas ,Padua ,SF,1086,"7,0",N.A.,"17,16","8,28","33,35","6,03","0,40","39,78","0,80","271,43","263,4","11,55","68,32","7,23","6,93","7,20","2,57"
63,201,2021-06-04 05:00:00,Bloque 6B Cama 1-22,Cimarronas ,Padua ,SF,1087,"6,9",N.A.,"14,63","7,08","31,19","9,53","0,98","41,70","3,75","294,73","364,0","16,12","63,15","7,12","5,34","7,82","2,01"
64,201,2021-06-04 05:00:00,Bloque 7 Cama 1-288,Cimarronas ,Padua ,SF,1088,"6,1",N.A.,"18,42","8,91","24,83","6,41","0,56","31,80","2,66","301,95","196,0","15,21","69,21","9,22","4,76","6,52","2,86"
65,202,2021-06-04 05:00:00,Bloque 3 Semana 11 General 19/03/2021,El Tablazo,Alhambra ,SF,1089,"6,7",N.A.,"10,97","5,73","20,84","5,12","1,03","26,99","0,90","362,64","59,9","7,88","117,37","7,35","5,62","9,77","2,97"
66,244,2021-04-21 05:00:00,Bloque 24 Camas 1 - 188,San Miguel,Bochica ,SF,1207,"7,2",N.A.,"14,80","6,78","34,44","10,13","1,22","45,79","1,05","293,69","249,4","11,11","45,50","5,10","5,95","7,37","4,87"
67,244,2021-04-21 05:00:00,Bloque 25 A-B Camas 1 - 240,San Miguel,Bochica ,SF,1208,"7,6",N.A.,"11,95","5,42","34,25","8,11","1,10","43,46","0,75","266,19","219,5","10,32","32,30","3,10","2,74","3,27","3,48"
68,244,2021-04-21 05:00:00,Bloque 26 Camas 1 - 194,San Miguel,Bochica ,SF,1209,"7,3",N.A.,"13,77","6,46","33,48","9,42","0,89","43,79","0,97","353,91","202,8","13,16","50,95","6,40","7,93","9,71","4,95"
69,244,2021-04-21 05:00:00,Bloque 29 A-B Camas 1 - 251,San Miguel,Bochica ,SF,1210,"7,4",N.A.,"13,30","6,16","33,42","9,56","1,60","44,58","0,75","313,32","131,2","8,89","43,72","4,87","5,50","8,32","4,23"
70,245,2021-04-20 05:00:00,Bloque 12B Camas 73 - 160,San Miguel,San SebastiÃ¡n,SF,1211,"5,8",N.A.,"20,88","8,85","11,93","2,69","1,26","15,88","0,66","27,19","174,2","19,15","86,66","1,53","0,24","3,17","0,47"
71,245,2021-04-20 05:00:00,Bloque 2 Camas 1 - 296,San Miguel,San SebastiÃ¡n,SF,1212,"5,8",N.A.,"16,97","7,88","14,69","3,07","0,99","18,75","0,75","27,51","191,2","14,06","132,55","4,34","0,94","4,48","0,58"
72,245,2021-04-20 05:00:00,Bloque 10A Camas 1 - 96,San Miguel,San SebastiÃ¡n,SF,1213,"5,7",N.A.,"18,50","7,85","11,62","2,35","0,97","14,94","0,68","38,36","169,5","33,24","120,51","4,65","1,03","3,46","0,53"
73,246,2021-04-20 05:00:00,"Bloque 1 Semana 13, General Fecha 3/04/2021",El Tablazo,Alhambra ,SF,1214,"7,2",N.A.,"8,84","4,58","23,65","5,46","1,80","30,91","0,76","459,60","68,2","9,97","86,07","5,07","7,39","6,57","2,69"
74,286,2021-05-06 05:00:00,Bloque 7A - Camas 1 - 200,San Miguel,San Sebastian ,SF,1379,"5,6",N.A.,"15,73","7,33","12,16","1,60","0,61","14,37","0,66","40,64","162,3","25,39","100,82","3,18","0,92","2,34","0,53"
75,286,2021-05-06 05:00:00,Bloque 12A Camas 1 - 72 ,San Miguel,San Sebastian ,SF,1380,"5,6",N.A.,"14,42","6,90","11,12","2,54","1,01","14,67","0,82","25,70","181,2","21,86","77,81","4,35","1,23","3,08","0,37"
76,287,2021-05-06 05:00:00,Bloque 2 Semana 14 General 10/04/2021,El Tablazo,Alhambra ,SF,1381,"7,0",N.A.,"8,02","4,15","23,16","6,38","2,07","31,61","1,29","246,15","52,3","10,41","95,14","9,45","8,83","7,05","1,93"
77,299,2021-05-06 05:00:00,Bloque 1 Cama 1-218 ,Cimarronas ,Padua ,SF,1491,"6,3",N.A.,"13,69","6,00","32,51","10,57","0,58","43,66","1,96","362,01","387,4","14,52","54,64","4,98","2,68","4,81","2,64"
78,299,2021-05-06 05:00:00,Bloque 2 Cama 1-218 ,Cimarronas ,Padua ,SF,1492,"6,2",N.A.,"14,29","6,06","36,16","6,63","0,91","43,70","1,40","325,99","221,7","18,37","61,08","3,78","4,39","4,14","2,18"
79,300,2021-05-06 05:00:00,Bl 4 Semana 15 General 16/04/2021,El Tablazo ,Alhambra ,SF,1493,"7,0",N.A.,"7,35","3,73","24,44","5,73","0,80","30,97","1,52","387,06","170,0","9,59","69,25","4,77","5,85","6,19","2,44"
80,300,2021-05-06 05:00:00,Bl 11 Semana 15 General 16/04/2021,El Tablazo ,Alhambra ,SF,1494,"6,0",N.A.,"8,32","4,10","13,25","2,09","1,22","16,56","0,62","172,30","160,0","19,01","101,34","14,55","6,06","4,04","0,77"
81,301,2021-05-06 05:00:00,Bl 5 Semana 16 General 19/04/2021,El Tablazo,Alhambra ,SF,1495,"7,1",N.A.,"7,73","3,78","22,80","5,23","0,77","28,80","1,16","456,93","36,6","12,32","80,55","3,27","4,96","5,60","3,17"
82,302,2021-05-06 05:00:00,Bl 14A Camas 1 - 104,San Miguel,San Sebastian ,SF,1496,"5,8",N.A.,"11,87","6,69","12,96","2,04","0,87","15,87","0,97","29,45","283,4","14,14","51,17","1,39","1,04","2,93","0,32"
83,323,2021-05-07 05:00:00,Bl 3 cama 1-325 Zembla Zunny ,Gualanday ,Valley ,SF,1639,"7,2",N.A.,"11,81","5,66","28,65","6,81","1,01","36,47","1,08","229,78","237,6","11,42","40,58","3,64","2,89","4,12","2,91"
84,323,2021-05-10 05:00:00,Bl 3 Cama 141-325 Zembla Sunny ,Gualanday ,Valley ,SF,1640,"7,2",N.A.,"11,35","5,57","28,89","7,41","0,94","37,24","1,22","225,78","284,2","14,10","42,88","4,21","3,54","4,98","2,45"
85,323,2021-05-07 05:00:00,Bl 3 Cama 94-140 Zembla Sunny ,Gualanday ,Valley ,SF,1641,"7,2",N.A.,"13,20","6,34","33,82","6,97","0,74","41,53","0,65","212,61","205,5","10,90","47,64","4,36","3,41","5,10","2,59"
86,324,2021-05-07 05:00:00,Bloque 4A Camas 1-176,San Miguel,San Sebastian,SF,1642,"6,1",N.A.,"16,25","7,15","13,64","2,63","0,80","17,07","1,04","32,24","167,5","21,15","82,75","2,61","1,02","3,15","0,49"
87,351,2021-05-20 05:00:00,Bl 8 Semana 17 General 30/04/21,El Tablazo,Alhambra ,SF,1777,"6,2",N.A.,"17,59","7,48","26,26","4,57","0,67","31,50","1,05","215,58","180,8","11,65","122,68","5,12","4,66","5,74","2,19"
88,351,2021-05-20 05:00:00,Bl 6 Semana 17 General 30/04/21,El Tablazo,Alhambra ,SF,1778,"6,7",N.A.,"14,49","6,76","29,69","6,28","0,73","36,70","0,74","238,90","60,2","21,08","108,58","5,21","6,48","7,69","2,56"
89,352,2021-05-20 05:00:00,Bloque 6 Camas 1-176,San Miguel,San Sebastian,SF,1779,"5,8",N.A.,"19,42","8,46","17,49","2,25","0,87","20,61","1,10","45,74","229,5","31,71","99,23","2,73","1,52","3,75","0,56"
90,352,2021-05-20 05:00:00,Bloque 9 Camas 1-104,San Miguel,San Sebastian,SF,1780,"6,0",N.A.,"17,05","7,54","19,20","2,08","0,64","21,92","0,80","42,14","206,1","28,06","111,48","3,61","1,55","3,44","0,52"
91,427,2021-06-04 05:00:00,Bloque 10 Cama 57 - 84,El Yarumo,Plantas Madres ,SF,1905,"5,6",N.A.,"19,66","8,67","21,57","5,75","1,98","29,30","1,32","268,08","326,1","12,68","79,49","14,44","4,80","11,38","3,06"
92,398,2021-05-28 05:00:00,Bl 10 Semana 19 General 14/05/21,El Tablazo ,Alhambra ,SF,1975,"6,3",N.A.,"18,09",,"22,81","5,92","0,98","29,71","0,98","195,19","273,1","11,56","224,63","3,54","6,43","10,44","1,61"
93,399,2021-05-31 05:00:00,Bloque 14B Camas 1 - 136,San Miguel,San Sebastian ,SF,1976,"5,4","0,2","18,63",,"10,42","1,81","0,73","13,16","0,80","28,10","311,5","22,53","65,88","1,94","0,50","2,72","0,60"
94,399,2021-05-28 05:00:00,Bloque 13B Camas 1 - 94,San Miguel,San Sebastian ,SF,1977,"6,1",N.A.,"16,91",,"22,19","2,93","0,71","25,83","0,95","56,47","413,7","31,22","178,18","3,08","5,31","6,93","0,55"
95,487,2021-06-22 05:00:00,Bloque 10B Camas 97 - 168,San Miguel,San Sebastian ,SF,2183,"5,7",N.A.,"18,67","8,60","16,40","2,38","0,82","19,60","1,14","28,54","367,9","18,25","85,21","2,33","2,76","8,56","0,40"
96,487,2021-06-22 05:00:00,Bloque 8 Camas 1 - 64,San Miguel,San Sebastian ,SF,2184,"6,0",N.A.,"18,15","8,20","19,98","2,45","0,76","23,19","1,00","24,76","284,0","15,63","103,18","2,20","4,60","10,23","0,40"
97,487,2021-06-22 05:00:00,Bloque 8 Camas 65 - 104,San Miguel,San Sebastian ,SF,2185,"6,2",N.A.,"17,91","8,28","21,85","2,59","0,66","25,10","0,88","21,91","236,5","18,46","104,73","2,48","5,11","9,86","0,36"
98,488,2021-06-22 05:00:00,Bloque 9A Camas 1 - 143,Llanogrande ,Cultiflores ,SF,2186,"6,2",N.A.,,,"28,03","6,41","1,12","35,56","1,48","169,16","224,9","13,49","58,27","3,26","4,65","21,06","5,44"
99,488,2021-06-22 05:00:00,Bloque 9B Camas 144 - 436,Llanogrande ,Cultiflores ,SF,2187,"6,2",N.A.,,,"29,27","6,28","0,85","36,40","1,30","205,52","184,9","15,33","52,34","4,02","5,41","23,73","7,38"
100,455,2021-06-18 05:00:00,Bloque 3 Cama 1 A 120,Cimarronas,Padua ,SF,2295,"6,7",N.A.,"16,17","6,84","27,10","6,72","0,78","34,60","0,90","163,26","97,8","12,21","55,78","4,51","3,20","4,33","4,00"
101,455,2021-06-18 05:00:00,Bloque 4 Cama 1 A 232 ,Cimarronas,Padua ,SF,2296,"6,7",N.A.,"17,08","7,32","28,36","6,39","0,72","35,47","0,70","169,04","197,8","11,58","64,45","5,11","2,03","6,02","4,19"
102,455,2021-06-18 05:00:00,Bloque 5 Cama 1 A 148,Cimarronas,Padua ,SF,2297,"6,2",N.A.,"16,31","7,53","23,19","5,40","0,39","28,98","1,20","140,62","359,1","13,01","76,40","5,34","1,16","5,10","3,05"
103,456,2021-06-18 05:00:00,Bloque 3 Camas 1 - 224,San Miguel,San Sebastian,SF,2298,"5,8",N.A.,"21,36","9,44","18,03","3,85","0,93","22,81","0,28","98,65","411,4","21,75","12,43","8,88",N.D.,"21,35","1,32"
104,465,2021-06-18 05:00:00,Bloque 1B Camas 1 - 20,San Miguel ,San Sebastian ,SF,2339,"5,5",N.A.,"19,49","9,26","17,18","2,95","1,06","21,19","2,75","52,76","453,5","19,94","127,94","4,64","1,42","7,28","1,89"
105,465,2021-06-18 05:00:00,Bloque 5 Camas 1 - 224,San Miguel ,San Sebastian ,SF,2340,"5,6",N.A.,"18,67","8,78","16,42","2,78","0,78","19,98","2,28","59,49","331,4","21,49","82,06","3,45","2,15","6,06","0,91"
106,465,2021-06-18 05:00:00,Bloque 11 Camas 1 - 200,San Miguel ,San Sebastian ,SF,2341,"5,8",N.A.,"19,22","8,95","15,93","2,23","0,46","18,62","1,74","36,24","251,2","21,03","101,81","2,58","2,16","5,37","0,78"
107,552,2021-06-18 05:00:00,Bloque 12 Cama 1 - 96,Cimarronas ,Padua ,SF,2342,"6,4",N.A.,"15,53","7,31","25,47","5,95","0,99","32,41","2,28","165,22","77,3","22,56","59,10","4,20","2,48","5,37","1,62"
108,552,2021-07-08 05:00:00,Bloque 13 Cama 1 - 49,Cimarronas ,Padua ,SF,2343,"6,4",N.A.,"14,34","6,88","30,37","7,13","1,10","43,96","2,64","148,70","47,6","24,73","94,21","4,84","2,95","7,17","1,98"
109,494,2021-06-25 05:00:00,Bloque 11 Cama 1 A 52,Cimarronas ,Padua ,SF,2434,"6,5",N.A.,"18,05","7,98","31,12","6,30","0,99","38,41","1,88","321,26","80,3","18,93","60,20","3,89","3,33","6,84","3,25"
110,494,2021-06-25 05:00:00,Bloque 11B Cama 1 A 19,Cimarronas ,Padua ,SF,2435,"7,0",N.A.,"13,03","5,77","23,40","4,05","0,49","27,94","1,80","206,63","68,0","17,91","34,86","1,35","1,56","3,56","1,24"
111,513,2021-07-02 05:00:00,Bloque 2 Camas 1 - 296  ,San Miguel ,San Sebastian ,SF,2600,"5,8",N.A.,"15,30","6,16","15,70","3,35","0,83","19,88","2,04","69,69","252,9","25,65","97,46","2,73","1,13","3,75","0,58"
112,529,2021-07-08 05:00:00,Bloque 12B Camas 73 - 160 ,San Miguel,San Sebastian,SF,2638,"5,6",N.A.,"22,64","10,63","15,75","3,24","1,06","20,05","2,75","44,38","414,5","23,88","119,52","2,17","1,34","4,90","0,56"
113,545,2021-07-23 05:00:00,Bloque 12A Camas 1-72,San Miguel,San Sebastian,SF,2697,"5,6",N.A.,"17,26","7,85","15,75","2,94","0,87","19,56","2,63","17,02","350,2","35,73","111,91","3,80","1,53","3,64","0,45"
114,545,2021-07-23 05:00:00,Bloque 16B Camas 1-128,San Miguel,San Sebastian,SF,2698,"5,3","0,2","20,77","9,38","10,92","1,92","0,80","13,84","2,37","7,89","309,3","30,45","107,16","1,86","0,59","2,71","0,51"
115,554,2021-07-29 05:00:00,Bloque 16A Camas 1-104,San Miguel,San Sebastian,SF,2775,"5,5",N.A.,"16,95","8,29","12,97","2,53","0,58","16,08","3,50","18,21","306,6","23,89","66,91","1,15","1,04","2,72","0,55"
116,554,2021-07-29 05:00:00,Bloque 14A Camas 1-104,San Miguel,San Sebastian,SF,2776,"5,6",N.A.,"15,36","6,99","8,04","1,22","0,65","9,91","1,84","8,65","170,4","27,17","56,79","1,52","0,61","1,53","0,46"
117,555,2021-07-29 05:00:00,Bloque 4A Camas 1-176,San Miguel,San Sebastian ,SF,2777,"5,9",N.A.,"16,18","7,64","16,79","2,59","0,71","20,09","2,86","39,28","242,0","24,04","77,05","1,32","1,34","4,12","0,69"
118,555,2021-07-29 05:00:00,Bloque 10A Camas 1-96,San Miguel,San Sebastian ,SF,2778,"5,7",N.A.,"17,24","7,22","11,41","2,04","0,42","13,87","1,25","32,63","121,7","39,70","96,15","2,66","1,91","3,83","0,96"
119,562,2021-07-29 05:00:00,Bloque 8 Cama 1-235,Llanogrande ,Cultiflores ,SF,2779,"6,3",N.A.,"18,59","9,55","30,82","7,79","0,89","39,50","4,60","204,02","204,1","14,52","36,77","2,08","1,83","14,41","4,45"
120,587,2021-08-06 05:00:00,Bloque 6A Camas 1 - 176,San Miguel,San Sebastian ,SF,2966,"5,5",N.A.,"21,70","8,94","15,21","2,72","0,71","18,64","2,33","32,58","353,7","22,76","103,69","2,03","1,58","4,38","0,75"
121,618,2021-08-12 05:00:00,Bloque 4 Cama 1-123,Gualanday,Valley ,SF,3034,"7,1",N.A.,"16,88","7,43","41,81","10,08","0,99","52,88","3,16","223,08","338,3","19,71","64,83","4,09","3,69","5,70","3,02"
122,641,2021-08-20 05:00:00,Bloque 13A - B Camas 1 - 94 ,San Miguel,San Sebastian ,SF,3129,"5,6",N.A.,"17,73","7,89","18,78","3,60","1,01","23,39","4,20","78,42","452,6","23,51","177,13","3,10","2,33","4,36","1,46"
123,641,2021-08-20 05:00:00,Bloque 14B Camas 1 - 134,San Miguel,San Sebastian ,SF,3130,"5,5",N.A.,"19,21","7,74","13,30","2,28","0,68","16,26","3,00","48,51","301,0","26,14","85,90","1,53","0,95","3,57","0,86"
124,675,2021-08-26 05:00:00,Bloque 8 Camas 1 - 176,San Miguel,San Sebastian ,SF,3293,"5,9",N.A.,"15,01","6,88","14,40","2,68","0,56","17,64","3,25","40,54","262,8","18,39","109,76","1,73","1,45","3,86","0,52"
125,675,2021-08-26 05:00:00,Bloque 10B Camas 1 - 68,San Miguel,San Sebastian ,SF,3294,"5,8",N.A.,"15,52","6,25","13,58","2,70","0,81","17,09","3,00","37,15","307,0","21,45","105,01","1,58","1,41","3,26","0,45"
126,705,2021-09-02 05:00:00,Bloque 3 Camas 1 - 224,San Miguel,San Sebastian ,SF,3347,"5,7",N.A.,"17,35",,"17,15","3,67","0,55","21,37","1,00","115,49","245,0","20,29","70,01","1,93","2,52","5,27","0,93"
127,706,2021-09-02 05:00:00,Bloque 10 ,El Tablazo,Alhambra ,SF,3348,"6,5",N.A.,"14,68","7,26","22,25","5,18","0,66","28,09","2,26","119,47","171,4","15,79","111,03","1,32","2,53","6,78","1,23"
128,707,2021-09-02 05:00:00,Bloque 16,El Yarumo,Plantas Madres ,SF,3349,"6,1",N.A.,"9,81","4,47","14,38","3,89","0,71","18,98","3,48","125,96","233,2","15,89","93,27","1,86","2,40","1,84","0,93"
129,707,2021-09-02 05:00:00,Bloque 17,El Yarumo,Plantas Madres ,SF,3350,"5,7",N.A.,"18,27","9,05","14,57","3,74","0,49","18,80","2,62","64,63","299,3","17,11","66,08","3,04","0,99","3,93","1,00"
130,707,2021-09-02 05:00:00,Bloque 19,El Yarumo,Plantas Madres ,SF,3351,"5,6",N.A.,"17,42","7,15","16,57","3,17","0,45","20,19","1,95","74,07","279,1","17,45","81,56","3,82","1,34","3,60","1,02"
131,707,2021-09-02 05:00:00,Bloque 20,El Yarumo,Plantas Madres ,SF,3352,"5,3","0,1","17,44","8,34","14,34","3,26","0,23","17,93","3,43","128,67","424,7","21,16","69,61","7,31","1,87","5,60","1,06"
132,708,2021-09-02 05:00:00,Bloque 1 Cama 1 - 244,Gualanday,Valley,SF,3353,"7,1",N.A.,"15,43","6,47","42,55","8,01","1,08","51,64","3,36","182,92","467,3","17,57","43,05","2,68","3,49","4,24","2,33"
133,718,2021-09-09 05:00:00,Bl 9 Semana 34 General ,El Tablazo ,Alhambra ,SF,3490,"6,4",N.A.,"15,15","7,13","18,75","4,95","0,74","24,44","2,72","125,00","271,7","15,48","121,82","3,09","3,48","6,58","1,04"
134,764,2021-09-09 05:00:00,Bloque 1A Camas 1 - 40 ,San Miguel,San Sebastian ,SF,3491,"5,3","0,2","19,34","8,98","9,84","2,28","0,77","13,09","2,50","37,41","319,4","30,15","156,36","5,16","0,99","3,70","0,60"
135,764,2021-09-09 05:00:00,Bloque 7A Camas 1 - 200 ,San Miguel,San Sebastian ,SF,3492,"5,7",N.A.,"16,90","7,46","12,81","1,81","0,58","15,20","1,95","17,62","234,2","25,15","108,37","2,56","1,26","2,89","0,56"
136,764,2021-09-09 05:00:00,Bloque 15A Camas 1 - 96 ,San Miguel,San Sebastian ,SF,3493,"5,4","0,2","20,79","7,97","7,50","1,30","0,46","9,46","1,42","21,94","199,9","19,29","90,92","1,38","0,65","1,81","0,41"
137,719,2021-09-09 05:00:00,Bloque 3,El Yarumo,Plantas Madres ,SF,3494,"6,0",N.A.,"13,05","5,89","18,59","5,20","1,17","24,96","4,45","286,86","478,1","19,06","56,89","5,26","2,31","3,03","2,76"
138,719,2021-09-09 05:00:00,Bloque 2,El Yarumo,Plantas Madres ,SF,3495,"6,2",N.A.,"15,26","7,04","20,76","5,83","0,96","27,55","3,00","283,03","375,8","19,03","63,70","7,23","3,40","4,69","3,36"
139,719,2021-09-09 05:00:00,Bloque 5,El Yarumo,Plantas Madres ,SF,3496,"5,9",N.A.,"15,03","7,02","20,31","4,04","0,68","25,03","2,97","229,03","490,2","16,79","52,96","6,31","3,13","4,45","2,90"
140,719,2021-09-09 05:00:00,Bloque 4,El Yarumo,Plantas Madres ,SF,3497,"6,0",N.A.,"15,94","7,40","18,87","5,96","1,10","25,93","4,00","222,08","497,2","19,78","68,00","7,61","3,19","5,30","3,27"
141,719,2021-09-09 05:00:00,Bloque 18,El Yarumo,Plantas Madres ,SF,3498,"6,0",N.A.,"15,94","6,59","15,67","4,06","0,83","20,56","3,00","109,18","484,6","19,83","63,22","4,76","1,00","2,78","0,70"
142,758,2021-09-17 05:00:00,Bloque 1 ,El Yarumo ,Plantas Madres ,SF,3845,"6,3",N.A.,"14,58","8,45","21,52","6,16","1,62","29,30","0,94","223,79","299,6","18,57","54,61","4,83","2,84","3,43","3,04"
143,758,2021-09-17 05:00:00,Bloque 7,El Yarumo ,Plantas Madres ,SF,3846,"7,4",N.A.,"17,04","9,88","38,03","6,01","1,53","45,57","0,86","258,58","327,5","14,98","35,93","1,87","3,56","7,61","2,99"
144,758,2021-09-17 05:00:00,Bloque 14,El Yarumo ,Plantas Madres ,SF,3847,"5,9",N.A.,"12,27","7,12","17,19","4,81","0,91","22,91","1,86","154,24","525,7","15,35","53,24","3,68","1,89","2,80","2,65"
145,758,2021-09-17 05:00:00,Bloque 11,El Yarumo ,Plantas Madres ,SF,3848,"5,9",N.A.,"16,76","9,72","20,68","6,00","1,03","27,71","1,71","256,62","339,4","15,91","63,96","6,49","2,48","4,42","3,86"
146,758,2021-09-17 05:00:00,Bloque 15,El Yarumo ,Plantas Madres ,SF,3849,"6,0",N.A.,"15,71","9,11","18,59","5,62","1,57","25,78","0,95","168,99","526,8","19,29","79,18","2,48","1,51","2,96","1,08"
147,758,2021-09-17 05:00:00,Bloque 12,El Yarumo ,Plantas Madres ,SF,3850,"5,7",N.A.,"18,37","10,66","22,44","5,41","0,92","28,77","1,79","274,32","454,9","16,30","73,72","7,01","3,63","5,25","4,45"
148,758,2021-09-17 05:00:00,Bloque 6,El Yarumo ,Plantas Madres ,SF,3851,"6,1",N.A.,"16,22","9,41","26,88","7,40","1,76","36,04","1,82","276,50","531,1","18,79","48,78","4,44","2,68","3,08","3,39"
149,758,2021-09-17 05:00:00,Bloque 13,El Yarumo ,Plantas Madres ,SF,3852,"6,0",N.A.,"16,29","9,45","23,35","5,30","1,07","29,72","1,22","282,87","349,5","17,90","76,73","7,20","4,29","5,64","4,00"
150,758,2021-09-17 05:00:00,Bloque 8,El Yarumo ,Plantas Madres ,SF,3853,"5,9",N.A.,"13,91","8,07","21,76","6,26","1,76","29,78","1,90","218,22","609,3","17,12","39,97","5,96","2,51","2,77","2,98"
151,758,2021-09-17 05:00:00,Bloque 10,El Yarumo ,Plantas Madres ,SF,3854,"6,4",N.A.,"13,31","7,72","22,56","5,45","1,11","29,12","1,60","198,15","265,1","17,87","52,18","4,34","1,49","2,91","2,85"
152,758,2021-09-17 05:00:00,Bloque 9,El Yarumo ,Plantas Madres ,SF,3855,"5,9",N.A.,"14,92","8,65","21,14","5,74","1,20","28,08","1,73","217,00","589,9","16,39","49,31","4,40","1,80","2,76","3,15"
153,759,2021-09-17 05:00:00,Bloque 5A Camas 1 - 224,San Miguel ,San Sebastian,SF,3856,"6,0",N.A.,"16,16","9,37","20,76","3,48","0,70","24,94","1,10","86,53","359,8","25,06","87,79","1,71","2,56","4,31","0,80"
154,760,2021-09-17 05:00:00,Bloque 7 Semana 35 General ,El Tablazo,Alhambra ,SF,3857,"6,8",N.A.,"12,84","7,45","24,88","5,83","0,70","31,41","1,58","151,08","360,1","15,28","67,58","1,62","5,18","4,84","1,08"
155,777,2021-09-24 05:00:00,Bloque 2 Cama 1 - 344,Gualanday,Valley ,SF,3923,"6,9",N.A.,"14,33","8,31","36,83","7,97","1,34","46,14","1,90","228,55","409,4","18,72","61,11","4,99","4,65","6,59","2,58"
156,778,2021-09-24 05:00:00,Bloque 5 Semana 36 General,El Tablazo,Alhambra ,SF,3924,"7,0",N.A.,"10,90","6,32","22,34","5,19","0,76","28,29","0,90","327,55","91,4","15,47","121,95","5,21","6,23","8,63","2,84"
157,804,2021-09-30 05:00:00,Bloque 11 Semana 37 General ,El Tablazo,Alhambra ,SF,3963,"6,3",N.A.,"8,49","4,92","13,32","2,25","1,05","16,62","0,68","132,22","153,7","17,60","142,74","10,52","5,93","3,44","0,77"
158,830,2021-10-07 05:00:00,Bloque 16B Camas 1 - 130,San Miguel,San SebastiÃ¡n ,SF,4069,"5,8",N.A.,"19,95","11,57","17,46","2,34","0,61","20,41","3,30","23,04","413,3","22,33","137,80","2,38","1,70","5,90","0,50"
159,830,2021-10-07 05:00:00,Bloque 10A Camas 1 - 96,San Miguel,San SebastiÃ¡n ,SF,4070,"5,8",N.A.,"18,98","11,01","17,98","3,15","0,74","21,87","2,32","74,94","347,4","32,43","132,93","3,95","3,68","7,62","0,64"
160,830,2021-10-07 05:00:00,Bloque 12B Camas 1 - 88,San Miguel,San SebastiÃ¡n ,SF,4071,"5,8",N.A.,"21,59","12,52","17,51","3,12","0,68","21,31","2,00","43,52","350,3","27,23","121,89","2,11","2,07","6,47","0,64"
161,830,2021-10-07 05:00:00,Bloque 2 Cama 1 - 295 ,San Miguel,San SebastiÃ¡n ,SF,4072,"6,0",N.A.,"17,82","10,34","19,46","4,03","0,55","24,04","2,30","71,78","322,1","186,50","148,47","3,73","2,62","7,41","0,70"
162,831,2021-10-07 05:00:00,Bloque 3 Semana 38 General ,El Tablazo,Alhambra,SF,4073,"7,1",N.A.,"11,25","6,53","23,19","4,80","0,77","28,76","1,73","389,43","74,0","26,69","116,30","5,55","8,74","7,79","2,86"
163,847,2021-10-15 05:00:00,Bloque 17A Camas 1 - 92,San Miguel,San Sebastian,SF,4273,"5,8",N.A.,"15,28","8,86","14,64","1,99","0,74","17,37","1,38","36,16","185,1","17,40","133,42","3,38","1,43","2,19","0,43"
164,847,2021-10-15 05:00:00,Bloque 16A Camas 1 - 104,San Miguel,San Sebastian,SF,4274,"5,9",N.A.,"16,23","9,41","12,37","1,59","0,62","14,58","2,12","34,33","222,3","20,46","89,48","1,86","1,34","3,22","0,47"
165,847,2021-10-15 05:00:00,Bloque 14A Camas 1 - 104,San Miguel,San Sebastian,SF,4275,"6,0",N.A.,"15,00","8,70","18,51","2,72","0,63","21,86","2,70","51,23","317,1","17,84","102,33","1,51","2,83","6,52","0,50"
166,848,2021-10-15 05:00:00,Bloque 1 Semana 39 General,ElTablazo,Alhambra ,SF,4276,"7,3",N.A.,"8,34","4,84","21,77","4,82","0,97","27,56","1,96","376,78","130,5","12,89","84,31","3,74","6,44","5,32","2,50"
167,848,2021-10-15 05:00:00,Compostera del Bl 5 Sem 39 Genral,ElTablazo,Alhambra ,SF,4277,"7,5",N.A.,"15,63","9,06","21,31","8,43","26,65","56,39","4,53","350,85","1975,3","17,33","109,17","12,66","3,38","8,69","0,35"
168,858,2021-10-21 05:00:00,Bloque 4A Camas 1 - 176 ,San Miguel,San Sebastias,SF,4417,"5,9",N.A.,"17,00","9,86","21,53","3,64","0,63","25,80","1,46","66,03","379,7","19,29","99,35","1,85","2,25","6,15","0,64"
169,858,2021-10-21 05:00:00,Bloque 9A Camas 1 - 104,San Miguel,San Sebastias,SF,4418,"5,7",N.A.,"18,78","10,89","19,29","4,09","0,88","24,26","1,12","87,04","464,0","21,62","104,69","2,37","1,92","4,56","0,70"
170,858,2021-10-21 05:00:00,Bloque 15B Camas 1 - 82 ,San Miguel,San Sebastias,SF,4419,"6,0",N.A.,"13,72","7,96","15,04","1,80","0,86","17,70","0,80","30,12","163,0","13,93","119,84","2,64","1,57","2,94","0,56"
171,851,2021-10-21 05:00:00,Bloque 2 Semana 40 General,El Tablazo,Alhambra ,SF,4420,"7,0",N.A.,"5,72","3,31","20,91","4,86","0,95","26,72","1,16","305,96","153,3","13,66","69,27","4,82","10,90","5,18","2,80"
172,880,2021-10-29 05:00:00,Bloque 6A Camas 1 - 176,San Miguel,San Sebastian ,SF,4587,"5,9",N.A.,"18,97","11,00","17,34","3,19","0,48","21,01","2,12","57,78","391,2","22,24","142,23","2,62","2,12","6,52","0,99"
173,880,2021-10-29 05:00:00,Bloque 11A Camas 1 - 200,San Miguel,San Sebastian ,SF,4588,"6,0",N.A.,"20,35","11,81","19,28","3,14","0,75","23,17","1,14","66,19","367,5","29,68","159,79","2,66","3,35","7,68","0,93"
174,881,2021-10-29 05:00:00,Bloque 4 Cama 1 - 123,Gualanday ,Valley,SF,4589,"7,2",N.A.,"16,11","9,35","39,61","9,02","1,19","49,82","1,15","128,91","597,6","17,64","55,68","4,30","3,45","5,24","2,44"
175,912,2021-11-05 05:00:00,Bloque 31 A-B Camas 1-222,San Miguel,Bochica ,SF,4771,"7,4",N.A.,"13,86","8,04","39,91","7,78","1,00","48,69","2,60","273,63","226,1","17,68","53,45","4,45","5,52","8,40","3,82"
176,912,2021-11-05 05:00:00,Bloque 32 A Camas 1-46,San Miguel,Bochica ,SF,4772,"6,7",N.A.,"12,12","7,03","36,07","7,51","0,88","44,46","4,90","260,46","655,3","18,61","58,73","4,92","4,12","14,59","2,27"
177,912,2021-11-05 05:00:00,Bloque 32 B Camas 47-78,San Miguel,Bochica ,SF,4773,"6,8",N.A.,"11,67","6,77","33,52","6,64","0,68","40,84","4,35","204,63","554,9","17,08","73,26","4,88","5,10","12,83","1,91"
178,912,2021-11-05 05:00:00,Bloque 33 A-B Camas 1-98,San Miguel,Bochica ,SF,4774,"7,3",N.A.,"9,20","5,34","31,92","6,48","1,20","39,60","2,00","207,76","213,3","16,54","48,03","4,02","3,36","4,84","2,69"
179,912,2021-11-05 05:00:00,Bloque 29 A-B Camas 1-251,San Miguel,Bochica ,SF,4775,"7,5",N.A.,"12,91","7,49","39,07","8,33","0,68","48,08","1,38","270,57","130,3","25,10","53,89","6,12","8,02","10,59","4,49"
180,912,2021-11-05 05:00:00,Bloque 25 A-B Camas 1-240,San Miguel,Bochica ,SF,4776,"7,6",N.A.,"12,18","7,06","36,06","6,90","0,57","43,53","2,00","245,11","141,7","22,40","44,35","4,25","6,80","8,99","4,09"
181,912,2021-11-05 05:00:00,Bloque 27 A-B Camas 1-224,San Miguel,Bochica ,SF,4777,"7,5",N.A.,"11,77","6,82","36,73","6,56","0,56","43,85","1,75","293,90","136,5","22,30","49,36","5,68","7,91","9,52","2,64"
182,912,2021-11-05 05:00:00,Bloque 27 C Camas 225-266,San Miguel,Bochica ,SF,4778,"7,1",N.A.,"12,31","7,14","30,84","5,27","0,42","36,53","0,97","202,35","118,2","23,39","56,93","4,22","3,71","6,45","2,36"
183,937,2021-11-17 05:00:00,Bloque 14 B Camas 1-134,San Miguel,San Sebastian ,SF,4779,"6,1",N.A.,"17,15","9,95","25,62","3,11","0,74","29,47","3,00",59.47,"438,8","26,36","102,44","1,97","2,38","7,20","0,46"
184,932,2021-11-12 05:00:00,Bl 11 A-B Cama 1-266,San Miguel,Bochica,SF,4874,"7,3",N.A.,"15,36",,"35,03","7,01","0,60","42,64","2,40","245,25","144,0","15,39","48,52","5,50","7,89","7,49","4,66"
185,932,2021-11-12 05:00:00,Bl 12 A-B Cama 1-168,San Miguel,Bochica,SF,4875,"7,3",N.A.,"14,73",,"37,69","8,08","0,74","46,51","3,28","253,78","232,0","10,40","47,98","4,85","5,83","6,70","4,05"
186,932,2021-11-12 05:00:00,Bl 13 A-B-C Cama 1-299,San Miguel,Bochica,SF,4876,"7,3",N.A.,"15,04",,"33,78","7,15","0,49","41,42","2,50","211,06","154,4","12,27","48,51","4,75","6,92","6,76","4,42"
187,932,2021-11-12 05:00:00,Bl 14 A-B Cama 1-170,San Miguel,Bochica,SF,4877,"7,3",N.A.,"15,54",,"38,31","7,84","0,56","46,71","3,35","289,95","234,5","18,89","50,76","4,30","4,70","6,51","4,08"
188,932,2021-11-12 05:00:00,Bl 15 A-B-C Cama1-300,San Miguel,Bochica,SF,4878,"7,1",N.A.,"16,72",,"37,56","7,33","1,00","45,89","2,50","253,50","208,9","20,82","53,33","5,09","5,91","7,42","4,10"
189,932,2021-11-12 05:00:00,Bl 17 A-B Cama 1-180,San Miguel,Bochica,SF,4879,"7,2",N.A.,"15,80",,"40,44","7,00","0,48","47,92","3,32","299,17","275,4","19,15","55,80","5,55","8,44","12,98","4,76"
190,933,2021-11-12 05:00:00,Bl 8 Cama 1-176,San Miguel,San Sebastian,SF,4880,"6,3",N.A.,"17,86",,"23,97","3,52","0,81","28,30","2,98","77,00","474,1","25,68","127,75","1,98","3,01","6,93","0,59"
191,933,2021-11-12 05:00:00,Bl 13 A-B Cama 1-96,San Miguel,San Sebastian,SF,4881,"6,1",N.A.,"17,25",,"22,60","4,14","0,75","27,49","4,98","111,87","649,2","28,08",184.89,"2,78","4,81","7,30","0,71"
192,934,2021-11-12 05:00:00,Bl 4 Semana 43 General,El Tablazo,Alhambra ,SF,4882,"7,4",N.A.,"8,67",,"19,67","4,66","0,82","25,15","2,21","291,94","81,1","17,74","82,91","5,00","6,38","5,77","2,62"
193,935,2021-11-12 05:00:00,Bl 3 Cama 1-317,Gualanday ,Valley ,SF,4883,"7,2",N.A.,"13,51",,"28,64","6,32","0,90","35,86","4,48","236,70","406,4","13,15","42,39","2,85","3,15","4,21","2,09"
194,960,2021-11-25 05:00:00,Bl 3 A-B Camas 1-226,San Miguel,Bochica ,SF,5004,"7,2",N.A.,"16,19","9,39","36,91","7,38","0,58","44,87","1,22","237,11","290,8","15,22","46,08","4,81","4,86","6,55","3,98"
195,960,2021-11-25 05:00:00,Bl 5 A-B Camas 1-208,San Miguel,Bochica ,SF,5005,"7,2",N.A.,"14,35","8,32","36,71","7,05","0,78","44,54","0,75","213,99","141,3","16,49","51,71","5,50","6,02","7,32","5,44"
196,960,2021-11-25 05:00:00,Bl 7 A-B Camas 1-204,San Miguel,Bochica ,SF,5006,"7,3",N.A.,"14,85","8,61","36,74","7,52","0,53","44,79","0,90","168,10","245,5","22,66","46,33","4,97","7,80","9,44","5,43"
197,960,2021-11-25 05:00:00,Bl 9 A-B Camas 1-247,San Miguel,Bochica ,SF,5007,"7,3",N.A.,"13,76","7,98","37,43","7,93","0,60","45,96","2,03","240,89","202,3","21,11","46,42","5,92","7,86","7,43","4,99"
198,961,2021-11-25 05:00:00,Bl 3 Cama 1-224,San Miguel,San Sebastian ,SF,5008,"5,9",N.A.,"20,51","11,90","22,90","4,41","0,91","28,22","0,80","153,41","542,3","28,75","103,16","2,96","3,35","7,35","0,91"
199,961,2021-11-25 05:00:00,Bl 10B Cama 1-68,San Miguel,San Sebastian ,SF,5009,"6,1",N.A.,"17,33","10,05","21,10","3,25","0,68","25,03","0,90","46,21","450,9","27,70","83,94","1,21","1,60","3,54","0,62"
200,962,2021-11-25 05:00:00,Bl 6 Semana 44 General,El Tablazo,Alhambra ,SF,5010,"6,8",N.A.,"15,00","8,70","27,71","6,91","1,48","36,10","0,88","272,49","204,5","17,06","125,59","4,32","5,18","7,21","2,38"
201,973,2021-11-26 05:00:00,Bl 4 Cama 1-81,San Miguel,Bochica ,SF,5024,"7,2",N.A.,"15,76","9,14","37,51","7,12","0,69","45,32","3,45","378,49","241,9","14,33","43,87","4,25","6,46","6,76","4,67"
202,973,2021-11-26 05:00:00,Bl 2 A-B Cama 1-60,San Miguel,Bochica ,SF,5025,"7,3",N.A.,"14,88","8,63","37,12","6,94","0,54","44,60","3,97","307,63","224,0","7,79","52,82","3,75","5,62","7,87","4,64"
203,973,2021-11-26 05:00:00,Bl 1 C 141-155,San Miguel,Bochica ,SF,5026,"6,3",N.A.,"15,31","8,88","16,13","2,48","0,39","19,00","0,60","121,59","79,6","18,20","106,20","2,74","5,09","4,09","2,84"
204,973,2021-11-26 05:00:00,Bl 1 A-B Cama 1-140,San Miguel,Bochica ,SF,5027,"7,3",N.A.,"13,74","7,97","33,52","6,25","0,45","40,22","2,00","300,82","181,0","15,89","39,72","4,45","4,34","5,87","4,86"
205,973,2021-11-26 05:00:00,Bl 6 Cama 1-106,San Miguel,Bochica ,SF,5028,"7,4",N.A.,"15,27","8,86","35,62","6,61","0,71","42,94","2,35","240,07","149,5","11,82","42,84","3,73","6,53","8,24","5,08"
206,974,2021-11-26 05:00:00,Bl 4 Cama 1 A 232,Cimarronas ,Padua ,SF,5029,"6,4",N.A.,"17,25","10,01","27,35","4,87","0,74","32,96","2,62","276,40","142,5","13,75","61,97","6,10","3,29","4,20","2,78"
207,974,2021-11-26 05:00:00,Bl 5 Cama 1 A 148,Cimarronas ,Padua ,SF,5030,"6,2",N.A.,"17,06","9,90","27,52","5,25","0,71","33,48","2,66","281,31","256,6","19,30","102,48","7,75","4,17","6,31","2,70"
208,974,2021-11-26 05:00:00,Bl 12 Cama 1 A 96,Cimarronas ,Padua ,SF,5031,"6,5",N.A.,"16,32","9,47","25,12","6,54","1,11","32,77","3,00","227,14","187,7","13,91","66,55","3,08","2,71","3,84","1,43"
209,974,2021-11-26 05:00:00,Bl 13 Cama 1 A 49,Cimarronas ,Padua ,SF,5032,"6,5",N.A.,"12,99","7,53","19,94","5,31","0,83","26,08","2,45","167,56","100,2","17,37","72,37","3,22","1,82","3,67","1,48"
210,975,2021-11-26 05:00:00,Bl 15A Camas 1-96,San Miguel,San Sebastian,SF,5033,"5,9",N.A.,"21,82","12,66","16,27","1,81","0,72","18,80","2,13","47,33","334,7","24,81","96,71","1,39","1,41","3,31","0,40"
211,976,2021-11-26 05:00:00,Bl 8 Semana 45 General ,El Tablazo,Alhambra ,SF,5034,"6,2",N.A.,"20,49","11,89","22,40","5,69","0,87","28,96","2,80","221,55","231,9","11,60","133,04","3,60","3,94","8,44","2,06"
212,977,2021-11-26 05:00:00,Bloque 11 Lote 1,San Miguel,Bochica,SF,5035,"7,1",N.A.,"14,68","8,52","33,73","9,31","8,28","51,32","4,70","167,59","1438,7","184,14","147,12","21,85","5,64","8,82","1,04"
213,1028,2021-12-06 05:00:00,Bl 2 Cama 68 ,San Miguel,San Sebastian ,SF,5268,"5,8",N.A.,"13,36","7,75","17,56","3,11","0,84","21,51","1,30","108,02","371,3","27,63","122,36","2,76","2,07","3,43","0,46"
214,1028,2021-12-06 05:00:00,Bl 1A-B Ca1-608 ,San Miguel,San Sebastian ,SF,5269,"6,1",N.A.,"18,11","10,50","26,86","3,07","0,99","30,92","1,20","169,81","380,9","14,39","159,81","3,67","3,02","8,15","1,16"
215,1090,2021-12-06 05:00:00,Bl 8 Cama 1-143,San Miguel,Bochica ,SF,5270,"7,5",N.A.,"12,03","6,98","39,31","8,41","1,02","48,74","0,80","197,69","110,3","14,04","51,52","5,59","6,89","9,89","4,67"
216,1090,2021-12-06 05:00:00,Bl 10 Cam 1-170,San Miguel,Bochica ,SF,5271,"7,3",N.A.,"17,55","10,18","41,09","7,69","0,96","49,74","1,08","322,27","265,7","21,23","58,50","6,23","8,20","9,63","5,18"
217,1090,2021-12-06 05:00:00,Bl 16A Cam 1-60,San Miguel,Bochica ,SF,5272,"7,3",N.A.,"15,99","9,27","39,79","7,82","0,93","48,54","0,82","308,56","178,7","11,95","68,93","6,00","10,07","18,76","5,47"
218,1090,2021-12-06 05:00:00,Bl 16B C 61-180,San Miguel,Bochica ,SF,5273,"7,2",N.A.,"12,90","7,48","33,88","6,87","0,66","41,41","0,93","164,89","156,7","22,13","41,93","2,69","2,03","2,93","2,37"
219,1090,2021-12-06 05:00:00,Bl 18 Cama 1-24,San Miguel,Bochica ,SF,5274,"7,4",N.A.,"8,66","5,02","25,75","5,65","0,22","31,62","1,05","158,08","123,3","10,36","36,87","2,90","2,71","3,00","2,13"
220,1090,2021-12-06 05:00:00,Bl 19AB C 1-124,San Miguel,Bochica ,SF,5275,"7,3",N.A.,"15,21","8,82","41,43","7,72","1,12","50,27","1,50","225,10","362,6","15,42","56,57","4,72","8,15","15,72","3,87"
221,1090,2021-12-06 05:00:00,Bl 20 Cam 1-174,San Miguel,Bochica ,SF,5276,"7,4",N.A.,"12,44","7,22","35,41","6,34","0,58","42,33","0,75","242,62","173,5","16,97","49,98","5,08","4,04","8,11","4,28"
222,1090,2021-12-06 05:00:00,Bl 21AB C 1-136,San Miguel,Bochica ,SF,5277,"7,6",N.A.,"14,31","8,30","39,21","7,14","0,80","47,15","0,75","270,37","121,7","15,31","58,78","4,48","8,63","17,78","5,49"
223,1090,2021-12-06 05:00:00,Bl 22 Cam 1-178,San Miguel,Bochica ,SF,5278,"7,5",N.A.,"14,90","8,64","40,26","6,91","1,02","48,19","0,80","268,29","165,1","12,02","62,16","4,95","5,82","7,94","4,66"
224,1090,2021-12-06 05:00:00,Bl 23AB C 1-196,San Miguel,Bochica ,SF,5279,"7,4",N.A.,"15,12","8,77","37,74","7,42","0,62","45,78","0,76","298,53","164,1","12,35","64,22","5,02","7,41","16,59","5,18"
225,1090,2021-12-06 05:00:00,Bl 24 Cam 1-188,San Miguel,Bochica ,SF,5280,"7,5",N.A.,"14,50","8,41","39,06","8,14","0,76","47,96","0,82","322,20","169,1","17,32","51,93","5,05","5,39","7,92","4,90"
226,1090,2021-12-06 05:00:00,Bl 26 Cam 1-194,San Miguel,Bochica ,SF,5281,"7,6",N.A.,"14,38","8,34","39,19","6,70","0,89","46,78","0,70","298,14","107,1","11,67","60,29","5,78","5,37","8,52","4,23"
227,1090,2021-12-06 05:00:00,Bl 28AB C 1-190,San Miguel,Bochica ,SF,5282,"7,0",N.A.,"14,23","8,25","37,56","6,22","1,03","44,81","1,50","316,32","489,2","24,70","51,77","5,64","6,74","10,00","3,05"
228,1090,2021-12-06 05:00:00,Bl 30AB C 1-218,San Miguel,Bochica ,SF,5283,"7,4",N.A.,"12,69","7,36","36,02","7,38","0,89","44,29","0,68","280,98","147,4","13,17","54,24","6,40","5,63","9,49","4,12"
229,1054,2021-12-10 05:00:00,Bl 10 Sem 47 Ge,El Tablazo,Alhambra,SF,5412,"6,1",N.A.,"19,16","11,11","25,30","6,40","0,98","32,68","1,20","142,16","361,7","21,44","197,54","2,85","3,07","10,40","1,22"
230,1055,2021-12-10 05:00:00,Bl 5 Cama 1-224,San Miguel,San Sebastian,SF,5413,"5,9",N.A.,"15,80","9,16","20,95","3,80","0,76","25,51","1,40","109,57","409,8","19,50","122,92","2,72","3,26","6,34","0,71"
231,1172,2022-02-10 05:00:00,Bl 4B Cama 1-23,San Miguel,San Sebastian,SF,5803,"5,9",N.A.,"15,08","8,75","13,26","1,06","0,42","14,74","1,36","12,24","149,8","17,73","91,91","2,76","2,03","3,30","1,20"
232,1172,2022-02-10 05:00:00,Bl 14B Ca 1-132,San Miguel,San Sebastian,SF,5804,"5,5",N.A.,"18,57","10,77","16,85","2,78","0,68","20,31","4,40","56,21","494,2","20,16","106,49","2,52","2,13","6,23","1,50"
233,1172,2022-02-10 05:00:00,Bl 6 Cama 1-176,San Miguel,San Sebastian,SF,5805,"5,7",N.A.,"17,43","10,11","20,00","3,19","0,75","23,94","5,50","35,66","670,3","23,13","129,91","3,05","1,91","5,92","1,55"
234,1172,2022-02-10 05:00:00,Bl 4A Cam 1-176,San Miguel,San Sebastian,SF,5806,"5,7",N.A.,"17,99","10,43","18,93","3,19","0,66","22,78","2,76","63,98","477,4","20,42","119,80","3,41","2,67","7,09","1,54"
235,1172,2022-02-10 05:00:00,Bl 11 Cam 1-200,San Miguel,San Sebastian,SF,5807,"5,8",N.A.,"19,72","11,44","22,04","3,24","0,76","26,04","4,14","66,03","564,2","20,66","161,56","4,10","3,12","6,49","1,43"
236,1172,2022-02-10 05:00:00,Bl 8 Cama 1-176,San Miguel,San Sebastian,SF,5808,"5,8",N.A.,"15,59","9,04","18,85","3,44","0,66","22,95","4,00","54,19","423,1","17,15","105,00","2,62","2,32","5,37","1,48"
237,1172,2022-02-10 05:00:00,B 13A-B Ca 1-96,San Miguel,San Sebastian,SF,5809,"5,6",N.A.,"17,71","10,27","20,18","4,14","0,83","25,15","5,45","102,19","631,0","18,83","172,18","3,91","3,87","5,89","1,45"
238,1173,2022-02-10 05:00:00,Bl 2 Sem 3 Gener,El Tablazo,Alhambra ,SF,5810,"7,4",N.A.,"8,53","4,95","23,32","5,73","1,09","30,14","2,67","346,41","69,4","15,96","86,96","6,90","12,08","7,71","4,47"
239,1173,2022-02-10 05:00:00,Bl 4 Sem 3 Gener,El Tablazo,Alhambra ,SF,5811,"7,2",N.A.,"9,25","5,37","21,18","5,07","0,85","27,10","1,76","236,35","91,1","14,14","87,95","4,97","5,49","6,55","3,34"
240,1173,2022-02-10 05:00:00,Bl 1 Sem 3 Gener,El Tablazo,Alhambra ,SF,5812,"7,3",N.A.,"9,88","5,73","24,88","5,33","0,58","30,79","1,21","303,83","73,4","15,07","117,26","4,91","7,50","9,30","3,49"
241,1174,2022-02-10 05:00:00,Bl 4 Cama 1-123,Gualanday ,Valley,SF,5813,"7,0",N.A.,"16,37","9,49","39,95","8,41","1,04","49,40","2,30","193,92","301,1","11,01","63,60","4,34","3,90","6,59","3,77"
242,1188,2022-02-10 05:00:00,Bloque 10B Cama 1 - 68,San Miguel,San Sebastian,SF,5888,"6,0",N.A.,"15,06","8,74","20,29","3,10","0,64","24,03","3,31","6,66","397,5","20,62","104,25","1,47","1,91","5,18","1,24"
243,1189,2022-02-10 05:00:00,Bl 6 Sem 4 General,El Tablazo,Alhambra ,SF,5889,"6,7",N.A.,"13,80","8,01","22,93","5,06","0,96","28,95","2,73","142,42","177,9","23,88","122,16","3,18","3,77","6,17","3,89"
244,1204,2022-02-17 05:00:00,Bl 1 Cama 1-244,Gualanday ,Valley ,SF,5900,"6,8",N.A.,"15,77","9,15","42,13","6,92","0,90","49,95","5,33","210,57","414,3","12,97","57,35","4,50","5,04","7,64","2,66"
245,1205,2022-02-17 05:00:00,Bl 8 Sem 5 General,El Tablazo,Alhambra,SF,5901,"6,4",N.A.,"19,69","11,42","27,98","5,88","0,95","34,81","3,50","197,97","202,8","13,73","174,80","3,87","4,91","12,68","2,59"
246,1206,2022-02-17 05:00:00,Bl 3A Cama 1-224,San Miguel,San Sebastian,SF,5902,"5,6",N.A.,"20,37","11,81","21,00","4,05","0,64","25,69","4,98","112,66","473,5","18,76","103,17","3,46","3,73","7,72","1,36"
247,1207,2022-02-17 05:00:00,Bl 9 Ca 1 A 168,Cimarronas ,Padua ,SF,5903,"6,8",N.A.,"15,75","9,14","32,74","7,48","0,90","41,12","3,10","172,45","200,8","13,06","71,81","4,65","6,53","10,30","2,65"
248,1207,2022-02-17 05:00:00,Bl 10 C 1 A 120,Cimarronas ,Padua ,SF,5904,"6,2",N.A.,"17,32","10,05","28,97","6,22","0,79","35,98","2,78","268,19","158,3","8,84","77,37","7,45","6,00","9,39","3,52"
249,1207,2022-02-17 05:00:00,Bl 11 Ca 1 A 52,Cimarronas ,Padua ,SF,5905,"6,6",N.A.,"17,63","10,23","29,09","5,34","1,40","35,83","2,31","213,37","129,4","15,67","99,56","6,12","5,54","9,39","3,15"
250,1207,2022-02-17 05:00:00,Bl 11B C 1 A 20,Cimarronas ,Padua ,SF,5906,"6,8",N.A.,"12,63","7,32","22,86","3,44","0,77","27,07","2,00","214,05","127,5","8,81","57,75","2,46","3,19",2.59,"1,42"
251,1207,2022-02-17 05:00:00,Bl 8 Ca 1 A 246,Cimarronas ,Padua ,SF,5907,"6,5",N.A.,"16,35","9,48","32,67","6,10","0,93","39,70","3,80","221,63","297,5","11,08","70,76","5,17","6,59","16,98","2,76"
252,1214,2022-02-25 05:00:00,Bl 7 Cama 1-200,San Miguel,San Sebastian,SF,5981,"5,9",N.A.,"19,04","11,05","22,04","2,32","0,69","25,05","3,74","31,32","389,6","18,30","137,73","3,30","2,31","5,56","1,16"
253,1214,2022-02-25 05:00:00,Bl 15A Ca 11-96,San Miguel,San Sebastian,SF,5982,"5,9",N.A.,"21,87","12,69","20,38","1,86","0,64","22,88","3,37","26,56","422,1","22,91","125,19","1,89","2,15","5,70","0,89"
254,1215,2022-02-25 05:00:00,Bl 10 Sem 6 General,El Tablazo,Alhambra ,SF,5983,"6,4",N.A.,"21,30","12,35","32,37","5,77","0,95","39,09","3,38","217,75","220,3","17,96","146,81","4,32","5,35","13,09","2,19"
255,1247,2022-03-03 05:00:00,Bl 1B Cama 1-20,San Miguel,San Sebastian,SF,6078,"5,8",N.A.,"18,08","10,49","13,55","2,51","0,33","16,39","4,90","146,22","527,8","25,00","114,32","3,29","3,16","4,82","2,48"
256,1247,2022-03-03 05:00:00,Bl 1A Cama 1-40,San Miguel,San Sebastian,SF,6079,"5,8",N.A.,"16,88","9,79","11,32","1,41","0,29","13,02","4,68","129,56","499,7","21,09","150,36","4,12","2,16","5,67","1,07"
257,1248,2022-03-03 05:00:00,Predio General,Capiro,Capri,SF,6080,"5,2","0,8","21,05","12,21","2,48","0,73","0,22","4,23","0,85","25,62","97,8","35,62","149,12","1,88","0,46","1,94","0,67"
258,1291,2022-03-10 05:00:00,Bl 5A Cam 1-224,San Miguel,San Sebastian ,SF,6190,"5,9",N.A.,"18,37","10,66","22,66","4,00","0,80","27,46","3,40","107,59","499,9","19,48","95,91","2,38","2,71","4,02","1,02"
259,1292,2022-03-10 05:00:00,Bl 9 Sema 8 General,El Tablazo,Alhambra ,SF,6191,"6,5",N.A.,"13,35","7,74","24,27","5,58","1,26","31,11","3,50","166,84","271,9","16,67","132,13","2,85","4,09","6,93","1,22"
260,1309,2022-03-17 05:00:00,Bl 2 Cama 1-342,Gualanday ,Valley,SF,6238,"7,0",N.A.,"13,42","7,79","27,77","6,93","1,18","35,88","5,10","184,33","451,2","11,13","35,05","2,51","3,32","3,01","2,03"
261,1310,2022-03-17 05:00:00,Bl 7 Sem 9 General,El Tablazo,Alhambra ,SF,6239,"6,7",N.A.,"11,74","6,81","19,75","5,02","0,93","25,70","5,40","163,36","406,5","10,43","97,41","2,17","3,58","4,34","0,90"
262,1311,2022-03-17 05:00:00,Bl 10A Cam 1-96,San Miguel,San Sebastian,SF,6240,"6,0",N.A.,"15,50","8,99","15,84","2,90","0,82","19,56","2,37","66,48","324,1","15,51","102,36","2,56","2,39","3,21","0,54"
263,1311,2022-03-17 05:00:00,Bl 2A Cam 1-295,San Miguel,San Sebastian,SF,6241,"6,1",N.A.,"14,88","8,63","23,44","3,68","0,89","28,01","2,70","72,80","414,9","17,64","100,35","2,08","1,71","2,95","0,47"
264,1331,2022-03-25 05:00:00,Bl 12B Cam 1-88,San Miguel,San Sebastian,SF,6300,"5,9",N.A.,"20,33","11,79","21,87","2,81","0,82","25,50","1,67","49,60","371,6","13,81","100,75","1,67","2,24","13,14","0,75"
265,1332,2022-03-25 05:00:00,Bl 5 Sem 10 General,El Tablazo,Alhambra ,SF,6301,"7,3",N.A.,"9,84","5,71","21,82","3,96","0,76","26,54","1,26","380,28","49,1","12,25","117,39","4,55","6,06","7,33","2,62"
266,1367,2022-03-31 05:00:00,Bl 6B Ca 1 A 22,Cimarronas ,Padua ,SF,6395,"6,9",N.A.,"14,97","8,68","38,17","11,41","1,59","51,17","1,40","265,54","422,3","13,59","52,16","3,58","5,01","4,89","2,54"
267,1367,2022-03-31 05:00:00,Bl 6 Ca 1 A 144,Cimarronas ,Padua ,SF,6396,"7,2",N.A.,"16,91","9,81","40,19","8,34","1,47","50,00","1,30","219,86","252,6","12,87","51,81","2,68","2,73","3,59","2,01"
268,1367,2022-03-31 05:00:00,Bl 7 Ca 1 A 288,Cimarronas ,Padua ,SF,6397,"6,8",N.A.,"17,99","10,43","37,91","5,85","1,48","45,24","1,40","237,53","212,6","11,96","57,69","3,17","4,02","6,25","2,34"
269,1368,2022-03-31 05:00:00,BL 16B Ca 1-130,San Miguel,San Sebastian ,SF,6398,"6,1",N.A.,"16,57","9,61","19,04","2,48","0,60","22,12","1,00","77,78","262,0","16,50","76,38","1,08","1,55","3,47","0,62"
270,1369,2022-03-31 05:00:00,Bl 3 Sem 11 General,El Tablazo,Alhambra ,SF,6399,"7,2",N.A.,"10,15","5,89","26,66","4,56","0,74","31,96","0,90","261,11","57,2","14,11","77,66","3,05","4,06","3,88","2,59"
271,1430,2022-04-09 05:00:00,Bl 23A Ca 1-192,san Miguel,San Sebastian ,SF,6651,"5,7",N.A.,"15,42","8,95","11,62","1,72","1,07","14,41","1,30","18,10","237,3","19,25","78,67","2,63","0,57","1,18","0,41"
272,1430,2022-04-09 05:00:00,Bl 12A Cama 1-72 ,san Miguel,San Sebastian ,SF,6652,"6,1",N.A.,"17,52","10,16","24,25","3,28","0,82","28,35","1,83","90,20","440,7","17,78","85,62","2,14","2,10","5,15","0,93"
273,1430,2022-04-09 05:00:00,Bl 14A Ca 1-104,san Miguel,San Sebastian ,SF,6653,"6,0",N.A.,"17,20","9,98","20,33","3,08","0,92","24,33","1,40","103,16","556,1","14,55","92,29","1,45","1,98","2,78","0,54"
274,1430,2022-04-09 05:00:00,Bl 16A Ca 1-104,san Miguel,San Sebastian ,SF,6654,"5,9",N.A.,"14,60","8,47","17,08","2,17","0,68","19,93","0,83","14,01","403,2","20,83","76,98","1,56","1,32","2,99","0,53"
275,1430,2022-04-09 05:00:00,Ilumina,san Miguel,San Sebastian ,SF,6655,"6,1",N.A.,"18,81","10,91","14,06","4,96","3,15","22,17","0,90","94,10","173,3","30,34","156,59","7,25","1,73","17,22","0,59"
276,1431,2022-04-09 05:00:00,Bl 11 Sem 12 General,El Tablazo,Alhambra ,SF,6656,"6,8",N.A.,"8,59","4,98","19,90","2,27","0,76","22,93","0,80","161,25","217,1","17,37","89,52","6,80","6,07","3,00","0,76"
277,1451,2022-04-21 05:00:00,Bl 4A Cam 1-176,San Miguel,San Sebastian,SF,6746,"5,9",N.A.,"15,31","8,88","22,67","3,67","0,93","27,27","1,10","34,28","483,3","22,44","97,45","3,17","3,11","6,52","0,46"
278,1451,2022-04-21 05:00:00,Bl 15B Cam 1-84,San Miguel,San Sebastian,SF,6747,"6,3",N.A.,"14,90","8,64","19,67","1,98","0,79","22,44","1,84","45,11","292,9","17,25","115,13","3,62","4,37","8,54","0,46"
279,1451,2022-04-21 05:00:00,Bl 4B Cama 1-23,San Miguel,San Sebastian,SF,6748,"5,9",N.A.,"15,15","8,79","15,10","1,27","0,67","17,04","3,00","26,75","362,6","25,67","81,17","2,79","2,97","3,84","0,49"
280,1451,2022-04-21 05:00:00,Bl 17A Cam 1-92,San Miguel,San Sebastian,SF,6749,"5,9",N.A.,"14,83","8,60","16,86","2,25","0,53","19,64","2,30","57,30","479,1","25,70","112,23","3,91","2,86","4,29","0,70"
281,1451,2022-04-21 05:00:00,Bl 9A Cam 1-104,San Miguel,San Sebastian,SF,6750,"6,0",N.A.,"17,47","10,14","21,96","3,30","0,72","25,98","2,33","67,96","543,6","26,00","112,82","3,68","3,54","9,00","0,72"
282,1468,2022-04-29 05:00:00,B 3 Ca 1-325 Gen,Gualanday ,Valley ,SF,6989,"7,0",N.A.,"15,06","8,74","39,50","7,73",1.22,"48,45","2,40","261,90","377,5","10,81","46,47","2,78","4,74","6,34","3,21"
283,1468,2022-04-29 05:00:00,B 3 Ca 1-325 Par,Gualanday ,Valley ,SF,6990,"7,1",N.A.,"12,75","7,40","33,79","6,75",1.06,"41,60","2,35","234,57","343,1","11,28","38,83","2,38","3,31","4,55","2,66"
284,1469,2022-04-29 05:00:00,Bl 18 Cama 1-32,San Miguel,San Sebastian ,SF,6991,"5,8",N.A.,"15,78","9,15","14,75","2,69",0.72,"18,16","1,63","42,06","196,7","13,44","182,57","3,85","2,14","4,99","0,47"
285,1469,2022-04-29 05:00:00,B 19A Cam 1-208,San Miguel,San Sebastian ,SF,6992,"5,3","0,2","18,89","10,96","12,08","2,42",0.62,"15,32","2,00","69,59","373,3","13,62","153,70","4,86","1,63","4,79","0,76"
286,1537,2022-05-05 05:00:00,Bl1 Cam 1 A 218,Cimarronas ,Padua ,SF,7091,"6,9",N.A.,"17,17","9,96","32,03","7,63","1,56","41,22","2,40","224,81","139,8","19,19","72,03","5,40","5,48","8,28","2,05"
287,1537,2022-05-05 05:00:00,Bl2 Cam 1 A 218,Cimarronas ,Padua ,SF,7092,"6,3",N.A.,"16,49","9,56","25,61","5,77","1,56","32,94","2,25","234,69","147,9","20,33","70,15","6,83","4,17","7,29","2,74"
288,1537,2022-05-05 05:00:00,Bl3 Cam 1 A 120,Cimarronas ,Padua ,SF,7093,"6,6",N.A.,"16,45","9,54","33,39","5,68","1,40","40,47","2,80","254,87","249,9","15,74","59,44","4,87","3,85","5,65","2,07"
289,1538,2022-05-05 05:00:00,Bl11 Sem 16 General,El Tablazo ,Alhambra,SF,7094,"7,0",N.A.,"7,16","4,15","18,45","2,00","0,89","21,34","1,03","188,43","111,2","16,51","74,71","14,09","6,50","2,57","0,90"
290,1565,2022-05-13 05:00:00,Bl3A Cama 1-136,San Miguel,Bochica ,SF,7256,"7,2",N.A.,"12,72","7,38","35,00","7,49","1,04","43,53","4,80","280,40","414,3","21,50","49,35","6,06","7,35","8,09","2,89"
291,1565,2022-05-13 05:00:00,Bl3B Ca 137-226,San Miguel,Bochica ,SF,7257,"7,3",N.A.,"11,86","6,88","34,31","7,19","0,90","42,40","3,30","221,98","273,4","13,53","43,58","4,59","6,29","5,82","3,17"
292,1565,2022-05-13 05:00:00,Bl5A Cama 1-135,San Miguel,Bochica ,SF,7258,"7,1",N.A.,"11,67","6,77","31,10","7,21","1,34","39,65","2,38","331,18","273,3","17,69","50,27","6,68","5,53","6,56","3,70"
293,1565,2022-05-13 05:00:00,Bl5B Ca 136-208,San Miguel,Bochica ,SF,7259,"7,1",N.A.,"13,70","7,95","32,58","7,15","1,25","40,98","2,30","350,61","324,9","21,63","55,41","6,44","5,29","7,09","3,53"
294,1565,2022-05-13 05:00:00,Bl7A Cama 1-136,San Miguel,Bochica ,SF,7260,"7,1",N.A.,"11,07","6,42","26,54","6,24","0,98","33,76","3,63","333,51","314,4","16,76","39,25","4,59","5,08","5,90","3,71"
295,1565,2022-05-13 05:00:00,Bl7B Ca 137-204,San Miguel,Bochica ,SF,7261,"7,3",N.A.,"12,84","7,45","34,90","7,23","0,90","43,03","3,22","279,36","332,4","20,14","45,82","5,22","4,61","5,57","3,57"
296,1565,2022-05-13 05:00:00,Bl9A Cama 1-137,San Miguel,Bochica ,SF,7262,"7,2",N.A.,"12,45","7,22","32,85","6,49","1,45","40,79","3,46","300,63","325,5","19,90","43,64","6,38","5,34","5,79","3,70"
297,1565,2022-05-13 05:00:00,Bl9B Ca 138-247,San Miguel,Bochica ,SF,7263,"7,4",N.A.,"11,35","6,58","33,96","7,19","1,34","42,49","2,10","306,36","218,3","15,25","47,18","5,58","5,34","6,19","3,90"
298,1565,2022-05-13 05:00:00,Bl13A Cam 1-138,San Miguel,Bochica ,SF,7264,"7,4",N.A.,"15,74","9,13","35,90","6,56","0,93","43,39","2,43","324,74","202,0","22,65","51,13","5,60","6,20","7,75","4,70"
299,1565,2022-05-13 05:00:00,Bl13B C 139-266,San Miguel,Bochica ,SF,7265,"7,4",N.A.,"12,64","7,33","33,88","5,84","1,23","40,95","2,66","205,89","210,1","21,29","47,53","5,90","6,03","6,35","4,58"
300,1565,2022-05-13 05:00:00,Bl13C C 267-299,San Miguel,Bochica ,SF,7266,"7,2",N.A.,"11,11","6,44","26,53","5,04","1,08","32,65","3,10","125,69","277,4","20,69","44,00","3,86","2,64","2,60","3,12"
301,1565,2022-05-13 05:00:00,Bl14A Cama 1-90,San Miguel,Bochica ,SF,7267,"7,3",N.A.,"14,61","8,47","37,03","6,62","1,61","45,26","3,00","430,63","222,4","24,60","50,76","6,57","10,19","10,05","5,25"
302,1565,2022-05-13 05:00:00,Bl14B Ca 91-170,San Miguel,Bochica ,SF,7268,"7,6",N.A.,"12,15","7,05","33,98","5,97","1,41","41,36","2,30","269,67","107,9","17,35","42,46","4,71","4,80","5,54","4,73"
303,1566,2022-05-13 05:00:00,Bl27A Cam 1-102,San Miguel,Bochica ,SF,7269,"7,5",N.A.,"11,95","6,93","38,21","5,79","1,13","45,13","1,30","274,43","79,4","17,95","42,69","4,74","7,76","7,77","2,61"
304,1566,2022-05-13 05:00:00,Bl27B C 103-224,San Miguel,Bochica ,SF,7270,"7,5",N.A.,"12,74","7,39","34,65","5,46","0,97","41,08","1,38","222,34","90,6","16,78","50,07","4,77","8,16","8,40","2,90"
305,1588,2022-05-19 05:00:00,Bl 1A Cama 1-69,San Miguel,Bochica ,SF,7394,"7,1",N.A.,"12,63","7,33","35,46","6,48","1,18","43,12","3,80","243,77","329,4","16,49","54,72","7,89","9,61","9,40","4,74"
306,1588,2022-05-19 05:00:00,B 1B Cam 70-140,San Miguel,Bochica ,SF,7395,"7,2",N.A.,"13,14","7,62","37,13","6,30","0,65","44,08","1,60","273,80","142,7","15,03","63,30","7,22","10,07","10,60","5,11"
307,1588,2022-05-19 05:00:00,Bl 2A Cama 1-16,San Miguel,Bochica ,SF,7396,"7,4",N.A.,"13,48","7,82","33,08","5,74","1,35","40,17","1,58","266,46","104,4","13,34","65,20","7,61","7,66","6,78","5,33"
308,1588,2022-05-19 05:00:00,Bl 2B Cam 17-60,San Miguel,Bochica ,SF,7397,"7,4",N.A.,"13,33","7,73","40,68","6,18","1,01","47,87","2,00","220,04","111,7","13,04","64,72","7,40","8,62","9,03","5,85"
309,1588,2022-05-19 05:00:00,Bl 4 Cama 1-81,San Miguel,Bochica ,SF,7398,"7,4",N.A.,"14,18","8,22","37,40","7,86","1,11","46,37","2,40","296,26","116,8","13,00","57,84","6,47","6,08","6,54","4,99"
310,1588,2022-05-19 05:00:00,Bl 6 Cam 1-105,San Miguel,Bochica ,SF,7399,"7,4",N.A.,"13,26","7,69","41,70","7,63","1,22","50,55","3,44","310,76","317,3","12,82","55,30","6,58","6,73","8,62","5,31"
311,1588,2022-05-19 05:00:00,Bl 8 Cama 1-143,San Miguel,Bochica ,SF,7400,"7,2",N.A.,"13,02","7,55","38,89","6,90","1,07","46,86","2,80","248,54","284,7","11,77","49,11","7,87","6,63","8,69","5,68"
312,1588,2022-05-19 05:00:00,Bl 10 Cam 1-170,San Miguel,Bochica ,SF,7401,"7,5",N.A.,"15,24","8,84","41,26","8,26","0,85","50,37","1,40","297,42","90,9","9,74","63,21","7,20","8,15","10,45","5,94"
313,1588,2022-05-19 05:00:00,Bl 19A Ca 1-102,San Miguel,Bochica ,SF,7402,"7,2",N.A.,"15,41","8,94","44,51","8,05","1,11","53,67","1,97","324,04","264,6","16,08","70,16","9,00","14,35","22,31","5,92"
314,1588,2022-05-19 05:00:00,B 19B C 103-124,San Miguel,Bochica ,SF,7403,"7,1",N.A.,"15,86","9,20","45,42","8,36","1,26","55,04","1,76","360,76","201,2","12,73","74,03","9,44","11,02","22,05","5,81"
315,1648,2022-05-26 05:00:00,Bl1C Ca 141-155,San Miguel,Bochica ,SF,7573,"6,5",N.A.,"13,85","8,03","26,97","4,48","1,08","32,53","2,32","205,53","305,9","20,74","99,40","4,04","7,44","7,66","3,16"
316,1648,2022-05-26 05:00:00,Bl16A Cam 1-180,San Miguel,Bochica ,SF,7574,"7,2",N.A.,"14,55","8,44","35,38","7,96","1,22","44,56","2,62","260,47","352,2","17,52","56,90","5,94","10,15","22,02","4,60"
317,1648,2022-05-26 05:00:00,Bl16B Cam 1-180,San Miguel,Bochica ,SF,7575,"6,9",N.A.,"14,56","8,44","31,19","6,29","0,92","38,40","2,70","255,88","428,1","16,86","54,78","4,60","7,95","10,38","3,58"
318,1648,2022-05-26 05:00:00,Bl 21A Cam 1-98,San Miguel,Bochica ,SF,7576,"7,4",N.A.,"14,44","8,37","31,35","7,32","0,93","39,60","1,58","215,33","127,9","15,09","61,39","6,46","8,53","19,39","5,54"
319,1648,2022-05-26 05:00:00,Bl21B Ca 99-136,San Miguel,Bochica ,SF,7577,"7,4",N.A.,"15,21","8,82","35,12","8,21","1,24","44,57","1,90","227,72","118,9","15,03","60,74","6,83","11,50","15,33","10,52"
320,1648,2022-05-26 05:00:00,Bl23A Cam 1-102,San Miguel,Bochica ,SF,7578,"7,3",N.A.,"12,54","7,27","32,04","7,44","1,06","40,54","2,10","221,48","188,1","14,67","56,46","4,52","5,22","11,33","4,97"
321,1648,2022-05-26 05:00:00,Bl23B C 103-196,San Miguel,Bochica ,SF,7579,"7,4",N.A.,"15,92","9,23","35,77","9,06","1,68","46,51","2,12","201,89","165,5","10,32","49,57","4,18","5,98","14,54","6,27"
322,1649,2022-05-26 05:00:00,Bl 21 Cam 1-256,San Miguel,San Sebastian,SF,7580,"5,8",N.A.,"19,98","11,59","14,38","1,94","0,47","16,79","0,88","89,85","135,2","52,22","110,63","3,56","2,30","3,96","0,85"
323,1649,2022-05-26 05:00:00,Bl 22 Cam 1-288,San Miguel,San Sebastian,SF,7581,"6,2",N.A.,"15,89","9,22","15,27","1,81","0,61","17,69","0,82","60,37","94,0","41,92","121,15","3,70","3,01","3,25","0,84"
324,1667,2022-06-03 05:00:00,B 20 Cama 1-174,San Miguel ,Bochica ,SF,7637,"7,1",N.A.,"13,74","7,97","35,53","6,19","1,31","43,03","3,13","234,90","188,0","19,06","54,41","6,95","9,45","16,63","5,31"
325,1667,2022-06-03 05:00:00,B 22 Cama 1-178,San Miguel ,Bochica ,SF,7638,"7,3",N.A.,"11,29","6,55","36,65","6,98","1,52","45,15","3,20","195,51","233,3","16,24","48,24","6,17","4,99","7,66","4,22"
326,1667,2022-06-03 05:00:00,B 24 Cama 1-188,San Miguel ,Bochica ,SF,7639,"7,4",N.A.,"13,74","7,97","38,63","7,61","1,27","47,51","2,50","210,64","143,5","15,33","54,44","6,24","11,08","10,66","4,92"
327,1668,2022-06-03 05:00:00,B 24 Cama 1-128,San Miguel,San Sebastian ,SF,7640,"5,8",N.A.,"19,32","11,21","18,09","2,58","0,69","21,36","1,67","93,32","269,1","28,91","189,73","5,87","2,82","7,92","0,63"
328,1723,2022-06-16 05:00:00,B 25AB Ca 1-240,San Miguel ,Bochica ,SF,7833,"7,4",N.A.,"11,49","6,67","31,84","6,60","1,76","40,20","1,82","175,84","147,9","13,95","49,65","6,53","10,13","12,45","5,15"
329,1723,2022-06-16 05:00:00,Bl 26 Cam 1-194,San Miguel,Bochica ,SF,7834,"7,3",N.A.,"13,29","7,71","34,17","7,67","1,80","43,64","2,90","188,92","360,0","15,08","58,70","8,94","12,50","12,21","4,15"
330,1723,2022-06-16 05:00:00,B 28AB Ca 1-190,San Miguel,Bochica,SF,7835,"7,2",N.A.,"14,20","8,24","35,11","8,06","1,30","44,47","2,70","240,32","260,8","15,69","63,20","7,11","8,20","14,62","4,30"
331,1723,2022-06-16 05:00:00,B 29AB Ca 1-251,San Miguel,Bochica,SF,7836,"7,7",N.A.,"10,79","6,26","29,80","6,97","1,07","37,84","3,40","215,60","66,3","15,65","52,79","6,54","9,11","11,38","5,65"
332,1723,2022-06-16 05:00:00,B 30AB Ca 1-218,San Miguel,Bochica,SF,7837,"7,0",N.A.,"10,67","6,19","31,52","6,68","1,39","39,59","3,00","216,10","657,7","17,26","53,61","7,74","7,65","11,16","2,77"
333,1723,2022-06-16 05:00:00,B 31AB Ca 1-222,San Miguel,Bochica,SF,7838,"7,1",N.A.,"10,80","6,27","36,16","7,53","1,74","45,43","3,37","242,16","517,2","15,36","52,76","7,17","7,21","10,24","2,93"
334,1723,2022-06-16 05:00:00,Bl 32A Cam 1-46,San Miguel ,Bochica ,SF,7839,"7,2",N.A.,"12,75","7,40","34,11","6,20","1,64","41,95","1,90","249,57","144,5","13,83","71,24","7,22","10,73","13,43","3,55"
335,1723,2022-06-16 05:00:00,Bl 32B Ca 47-78,San Miguel ,Bochica ,SF,7840,"7,4",N.A.,"13,08","7,58","39,34","9,23","1,56","50,13","3,50","148,90","284,7","12,55","64,83","6,85","7,37","11,73","3,62"
336,1723,2022-06-16 05:00:00,Bl 33AB Ca 1-98,San Miguel ,Bochica ,SF,7841,"7,2",N.A.,"11,96","6,94","38,66","8,45","2,07","49,18","4,15","215,22","454,4","16,45","59,03","9,15","9,73","12,93","3,68"
337,1759,2022-07-01 05:00:00,B11AB Cam 1-266,San Miguel,Bochica ,SF,7975,"7,4",N.A.,"14,38","8,34","39,29","6,91","1,33","47,53","4,50","247,33","246,3","16,82","43,01","5,63","5,20","6,84","4,20"
338,1759,2022-07-01 05:00:00,B12AB Cam 1-169,San Miguel,Bochica ,SF,7976,"7,3",N.A.,"11,90","6,91","35,29","7,33","1,64","44,26","3,78","284,57","155,6","16,87","44,88","7,34","11,14","9,65","4,75"
339,1759,2022-07-01 05:00:00,B15AB Cam 1-264,San Miguel,Bochica ,SF,7977,"7,5",N.A.,"15,68","9,10","39,18","7,20","1,77","48,15","4,10","268,69","226,9","15,10","49,80","6,13","13,71","10,65","4,86"
340,1759,2022-07-01 05:00:00,B15C Ca 265-300,San Miguel,Bochica ,SF,7978,"7,1",N.A.,"15,08","8,74","28,97","5,85","2,08","36,90","4,00","237,99","240,5","19,45","52,52","6,52","10,42","9,47","3,93"
341,1759,2022-07-01 05:00:00,B17A Cama 1-120,San Miguel,Bochica ,SF,7979,"7,4",N.A.,"14,70","8,53","38,18","6,36","1,05","45,59","2,95","228,73","136,1","22,39","51,65","6,58","10,48","15,62","5,64"
342,1759,2022-07-01 05:00:00,B17B Ca 121-180,San Miguel,Bochica ,SF,7980,"7,3",N.A.,"14,07","8,16","36,33","6,16","2,06","44,55","2,40","264,95","127,6","18,15","50,26","6,63","8,06","13,63","4,37"
343,1759,2022-07-01 05:00:00,B 18 Cama 1-24,San Miguel,Bochica ,SF,7981,"6,9",N.A.,"10,88","6,31","27,46","5,16","0,82","33,44","2,58","212,34","329,6","15,30","51,50","7,42","7,97","11,22","5,14"
344,1759,2022-07-01 05:00:00,B27C Ca 225-266,San Miguel,Bochica ,SF,7982,"7,0",N.A.,"11,00","6,38","31,15","4,78","0,96","36,89","3,40","193,19","405,2","14,45","45,30","4,31","4,63","5,26","2,30"
345,1760,2022-07-01 05:00:00,Bl 20 Cam 1-176,San Miguel,San Sebastian,SF,7983,"5,4","0,3","15,47","8,98","6,18","1,74","0,72","8,94","1,18","22,31","172,6","56,18","153,80","5,67","1,35","2,10","0,32"
346,1884,2022-08-05 05:00:00,Bl 4 Ca 1 A 232,Cimarronas ,Padua ,SF,8338,"6,4",N.A.,"17,28","10,02","32,21","8,07","1,62","41,90","1,93","310,12","285,6","55,38","86,26","7,38","6,15","7,69","2,51"
347,1884,2022-08-05 05:00:00,Bl 5 Ca 1 A 148,Cimarronas ,Padua ,SF,8339,"6,1",N.A.,"17,40","10,09","23,41","6,98","1,75","32,14","1,33","225,57","171,2","40,12","103,54","7,56","5,47","6,07","2,35"
348,1885,2022-08-05 05:00:00,Bl 1 Sem 29 General,El Tablazo ,Alhambra ,SF,8340,"7,2",N.A.,"8,85","5,13","24,92","5,88","1,12","31,92","0,80","352,44","76,6","15,51","90,41","5,83","6,89","6,73","2,73"
349,1921,2022-08-11 05:00:00,Bl19 Cama 1-208,San Miguel,San Sebastian,SF,8603,"5,3","0,1","20,83","12,08","15,69","2,92","0,38","19,09","2,80","76,05","403,8","19,82","125,13","5,73","3,02","7,54","1,12"
350,1921,2022-08-11 05:00:00,Bl22 Cam 50-288,San Miguel,San Sebastian,SF,8604,"6,0",N.A.,"14,66","8,51","17,38","2,14","0,68","20,20","1,56","85,64","171,1","13,93","136,05","3,51","3,26","3,02","0,81"
351,1921,2022-08-11 05:00:00,Bl21 Cam 20-256,San Miguel,San Sebastian,SF,8605,"5,7",N.A.,"18,74","10,87","16,63","2,52","0,53","19,68","1,75","86,22","208,4","23,73","160,74","3,69","2,87","4,34","0,83"
352,1922,2022-08-11 05:00:00,Bl12 Cama 1-96,Cimarronas ,Padua ,SF,8606,"6,5",N.A.,"16,94","9,83","34,80","6,20","1,18","42,18","3,52","222,35","254,5","17,33","67,24","2,87","3,28","5,15","2,05"
353,1922,2022-08-11 05:00:00,Bl13 Cama 1-49,Cimarronas ,Padua ,SF,8607,"6,5",N.A.,"15,13","8,78","32,58","5,87","0,92","39,37","3,10","248,71","328,0","18,16","79,52","4,18","3,73","5,78","2,32"
354,1923,2022-08-11 05:00:00,Bl 1 Cama 1-244,Gualanday ,Valley,SF,8608,"7,3",N.A.,"16,78","9,73","42,34","5,72","0,75","48,81","1,95","237,86","97,4","12,49","41,96","2,88","4,40","4,97","3,59"
355,1924,2022-08-11 05:00:00,Bl 2 Sem 30 General,El Tablazo,Alhambra ,SF,8609,"7,4",N.A.,"8,63","5,01","24,77","4,44","0,86","30,07","2,70","306,52","70,9","15,53","62,44","5,05","8,03","4,38","2,80"
356,1946,2022-08-18 05:00:00,Bl 4 Sem 31 General,El Tablazo,Alhambra ,SF,8681,"7,0",N.A.,"8,09","4,69","19,82","4,48","0,49","24,79","1,90","355,29","119,8","17,84","96,74","6,09","8,73","6,42","3,24"
357,1971,2022-08-25 05:00:00,Bl 6 Sem 32 General,El Tablazo,Alhambra ,SF,8807,"6,6",N.A.,"14,90","8,64","28,83","5,51","0,62","34,96","1,48","206,78","190,0","12,96","133,81","5,26","5,85","9,49","2,55"
358,1972,2022-08-25 05:00:00,Bl 04 Cam 1 a 84,Guamito ,Capri ,SF,8808,"5,6",N.A.,"19,27","11,18","12,10","2,29","0,89","15,28","0,92","91,16","255,4","19,73","190,86","5,56","3,26","9,72","0,75"
359,1993,2022-09-01 05:00:00,Bl 2 Cama 1-342,Gualanday ,Valley ,SF,8851,"7,1",N.A.,"14,77","8,57","39,77",6.83,"0,49","47,09","1,17","176,50","212,6","11,53","50,26","3,82","5,02","6,30","3,73"
360,1994,2022-09-01 05:00:00,Bl 8 Sem 33 General,El Tablazo,Alhambra ,SF,8852,"6,3",N.A.,"18,57","10,77","26,62",5.44,"0,62","32,68","1,23","188,08","218,4","11,69","136,29","2,69","3,61","7,38","2,72"
361,2026,2022-09-09 05:00:00,Bl 23B Cama 121,San Miguel,Bochica,SF,8957,"7,4",N.A.,"15,10","8,76","39,69","8,05","1,51","49,25","2,27","94,85","240,9","11,55","43,85","4,36","6,49","14,10","4,75"
362,2027,2022-09-09 05:00:00,Bl 5 Cama 1-224,San Miguel,San Sebastian,SF,8958,"5,9",N.A.,"20,11","11,66","22,72","4,89","0,58","28,19","1,25","109,06","554,0","24,48","78,25","2,67","3,05","11,16","1,08"
363,2027,2022-09-09 05:00:00,Bl 3 Cama 1-224,San Miguel,San Sebastian,SF,8959,"5,7",N.A.,"21,30","12,36","21,63","4,53","0,72","26,88","2,23","121,17","605,6","28,81","69,88","3,06","3,42","5,18","1,40"
364,2028,2022-09-09 05:00:00,Bl10 Sem 34 Gen,El Tablazo,Alhambra ,SF,8960,"6,3",N.A.,"19,39","11,25","21,31","5,26","0,80","27,37","1,12","245,86","223,1","17,74","135,24","2,69","3,30","8,51","1,82"
365,2059,2022-09-15 05:00:00,Bl 09 Sem 35 General,El Tablazo,Alhambra ,SF,9122,"6,4",N.A.,"15,52","9,00","23,55","5,70","0,39","29,64","1,24","185,95","277,0","14,73","138,25","2,37","3,89","6,29","1,47"
